,Germ,GBegF,BegFEndF,EndFBegM,BegMEndM,Height,Hlp,NoPodsWeight,PodsWeight,PodsNumber,SeedsNumber,SeedsWeight,PodLength,PodWidth,Seed1000W,FloCol,StemCol,BushShape,LeafSize,FlowStemCol,AscoRes,StemBr,StemL1ord,StemBr1ord,StemBr2ord,PodD,PodS,PodShape,SeedShape,SeedCol
0,-2.128990245,-0.980818112,0.269185389,-0.158567267,-1.088345545,0.790002813,0.549415232,0.703717916,0.733772253,0.715939794,1.049418794,0.728477274,-0.735561361,-1.236073586,-0.946537324,2,1,0,0,1,3,2,1,1,0,0,0,1,0,1
1,-2.128990245,-0.64950497,0.269185389,-0.158567267,-1.743623637,0.677641913,-0.544541169,0.752743795,0.854760144,0.929939407,1.444208757,0.860009869,-0.392808432,-1.236073586,-0.299023531,2,1,0,1,1,2,2,1,1,0,0,1,1,0,1
2,-2.128990245,-0.64950497,0.269185389,-0.990923974,0.877488733,0.452920113,-0.544541169,0.360929822,0.438825533,0.058970024,0.623832412,0.423189639,-0.392808432,-0.687311247,-0.523765371,2,1,0,1,1,2,2,1,1,0,0,1,1,0,1
3,-2.128990245,0.675747595,-0.546446442,-0.400357492,-0.433067452,0.677641913,0.986997792,0.763383246,0.143202878,-0.043903384,0.313985667,0.298039049,0.292697427,-0.138548907,-0.15910377,2,1,0,1,1,3,1,1,1,0,0,1,1,0,1
4,-2.128990245,-1.312131253,0.446166902,-0.400357492,-1.088345545,-0.333606187,0.549415232,-0.86075538,-0.103215399,-0.484031741,-0.221389138,-0.317432596,-1.078314291,-0.687311247,-0.85643169,2,1,0,1,1,1,3,0,1,1,0,1,1,0,1
5,-2.128990245,-0.980818112,0.614511657,-0.990923974,1.532766825,0.115837413,-0.544541169,-0.200273014,0.781665223,0.804738385,1.034646136,0.372595332,-1.42106722,-0.687311247,-1.341017165,2,1,0,1,1,1,3,1,1,1,1,1,1,0,2
6,-2.128990245,-0.64950497,0.446166902,-0.990923974,1.532766825,0.228198313,-0.544541169,0.146548651,0.038543193,0.124305815,0.738282373,0.308973184,-0.735561361,-1.236073586,-1.136465365,2,2,0,0,1,1,3,0,1,1,0,1,1,0,1
7,-2.128990245,-1.643444394,0.77502353,-0.67447664,1.205127779,-0.108884387,-0.544541169,-0.270690406,-0.350386052,-0.230232835,0.455180996,-0.101236215,-0.735561361,-1.236073586,-1.136465365,2,1,0,0,1,1,2,0,1,0,0,1,1,0,1
8,-2.128990245,0.675747595,-0.546446442,-0.67447664,1.205127779,2.138333613,1.643371633,0.512040129,-0.231167829,-0.893266334,-0.083643141,-0.335765992,1.320956216,0.410213432,-0.446720508,2,2,0,1,1,1,2,0,1,0,0,1,1,0,1
9,0.116733147,-0.64950497,0.082632766,-0.158567267,-1.088345545,-0.333606187,-1.200915009,-0.615867021,0.915471995,0.471705515,1.487957251,1.051894197,-0.392808432,-0.687311247,-0.603110417,2,2,0,1,1,1,3,1,1,1,0,1,1,0,2
10,-2.128990245,-0.64950497,0.082632766,-1.823280681,1.532766825,0.115837413,-0.763332449,-0.246776394,-0.021559285,0.124305815,0.562926153,0.082334359,-1.078314291,-1.236073586,-0.22814302,2,2,0,1,1,1,3,1,1,1,0,1,1,0,1
11,0.116733147,-1.643444394,0.446166902,-0.990923974,-0.105428406,-1.007771587,-2.07608013,-0.600075018,0.827835045,1.242214927,1.650528382,0.824873494,-0.735561361,-1.236073586,-1.039805198,2,2,0,1,1,2,2,1,1,0,0,1,1,0,1
12,0.116733147,-1.312131253,0.082632766,-1.365201729,-0.105428406,-1.007771587,-2.07608013,-0.200273014,0.68908517,1.242214927,1.352418609,0.615362625,-1.078314291,-1.236073586,-1.449516379,2,2,0,1,1,1,3,1,1,0,0,1,1,0,1
13,-2.128990245,-1.312131253,0.446166902,-0.990923974,-0.105428406,-0.445967087,0.986997792,-1.322414608,-1.141609367,-1.510739495,-0.374054254,-1.109079609,-0.392808432,-1.236073586,-1.039805198,2,2,0,1,1,1,1,0,0,0,0,0,1,0,2
14,-2.128990245,-0.980818112,0.446166902,-0.67447664,-0.105428406,-1.007771587,-0.325749889,-0.50928021,-0.210633268,-0.07959935,0.157071224,-0.354379298,-1.42106722,-1.236073586,-0.684897229,2,2,0,1,1,1,3,1,1,0,0,0,1,0,2
15,-2.128990245,0.675747595,-0.323763823,-0.990923974,1.532766825,0.677641913,-0.763332449,0.155177191,-0.057211095,0.187265225,0.263595457,-0.07113227,-0.735561361,-0.138548907,-0.769280877,2,1,0,1,1,2,2,1,0,0,0,0,1,0,2
16,-2.128990245,-0.980818112,0.446166902,-0.158567267,-0.433067452,-0.445967087,-0.106958609,-0.523963976,-0.38491861,0.73857009,0.70115455,0.319810125,-0.392808432,-1.236073586,-0.85643169,2,1,0,1,1,1,3,0,1,1,1,0,1,0,2
17,0.116733147,-0.980818112,0.082632766,-0.400357492,-0.105428406,-0.445967087,-2.07608013,-0.553857,0.836872988,1.371710262,1.660093001,0.966089601,-1.078314291,-1.784835925,-1.341017165,2,1,1,0,1,2,3,0,1,1,0,0,1,0,1
18,0.116733147,-1.974757536,0.614511657,0.431999215,-0.105428406,0.115837413,-0.106958609,-0.452204577,-0.60037401,-0.352485472,-0.185671386,-0.392480768,-0.735561361,-0.138548907,-0.22814302,2,1,1,1,1,1,3,0,1,1,1,1,1,0,2
19,0.116733147,2.994939585,-1.945456376,-0.158567267,1.205127779,-0.445967087,-0.763332449,0.424960861,0.522036881,1.208268879,0.910541913,0.170808762,-1.078314291,-0.687311247,-0.85643169,2,1,1,0,1,1,3,0,1,1,0,0,1,0,1
20,-2.128990245,-1.312131253,0.446166902,0.05772146,-0.760706498,-1.569576087,-1.200915009,-1.29482124,-1.422738914,-0.893266334,-0.639353806,-0.977151251,-1.42106722,-1.784835925,-1.680780582,2,2,1,0,1,1,2,1,1,0,0,0,1,0,1
21,-2.128990245,-1.312131253,0.269185389,-0.400357492,-0.433067452,-0.445967087,0.549415232,-0.681099755,-0.039261395,-0.116046864,0.432608101,-0.11657161,-0.392808432,-0.138548907,-1.039805198,2,2,1,1,1,1,1,0,1,0,0,0,1,0,2
22,-2.128990245,-0.64950497,0.082632766,-0.158567267,-0.433067452,-0.108884387,0.986997792,-0.940493139,-0.200487898,-0.043903384,0.263595457,0.014960984,-0.392808432,-0.138548907,-0.523765371,2,2,1,1,1,2,2,1,1,0,0,1,1,0,1
23,-2.128990245,0.344434454,0.77502353,0.596314425,0.22221064,0.115837413,0.986997792,-0.494766202,-0.60037401,-0.484031741,0.237708935,0.082334359,-0.392808432,-1.236073586,-0.523765371,2,1,1,1,1,2,2,1,1,0,1,1,1,0,1
24,-2.128990245,-0.64950497,0.082632766,-0.400357492,-0.433067452,0.228198313,0.768206512,-0.397611293,0.004544313,0.3067052,0.583521787,0.194951092,-1.078314291,-1.236073586,-0.603110417,2,1,1,1,1,2,3,1,1,1,0,0,1,0,2
25,-2.128990245,-1.643444394,0.614511657,0.253378412,-0.433067452,0.228198313,0.549415232,-1.602559665,-1.00219058,-1.141001511,-0.688859794,-1.109079609,-0.735561361,-0.687311247,-1.680780582,2,2,1,1,1,1,3,1,1,1,0,0,1,0,2
26,-2.128990245,-0.318191829,-0.114585656,0.253378412,-0.760706498,1.351807313,3.612493154,-0.223309398,-0.150930287,0.058970024,0.432608101,0.055830101,-0.392808432,-0.138548907,-0.446720508,2,2,1,1,1,1,2,1,1,1,0,0,1,0,2
27,-2.128990245,0.013121313,-0.323763823,0.431999215,-0.760706498,0.677641913,2.080954193,-0.767716697,-1.683189673,-0.951956463,-0.591526315,-0.830087901,-0.392808432,-0.687311247,-0.684897229,2,2,1,1,1,1,2,1,1,1,0,0,1,0,1
28,-2.128990245,-0.64950497,0.082632766,1.147018602,0.549849686,-0.445967087,0.986997792,-0.920078905,-0.928834463,-0.530199623,-0.545267224,-0.5144973,-0.735561361,-0.687311247,-0.22814302,2,2,1,1,1,3,2,1,1,1,0,0,1,0,1
29,0.116733147,-0.318191829,0.082632766,-0.400357492,-0.433067452,-0.445967087,-0.544541169,-0.538821518,-0.1904221,0.187265225,0.719840596,0.095373498,-0.392808432,-1.236073586,-0.85643169,2,1,0,0,1,1,2,1,1,1,1,1,1,0,1
30,0.116733147,-0.980818112,0.082632766,0.431999215,-0.760706498,-0.108884387,0.111832672,-0.345293402,0.225547204,0.847486063,0.157071224,0.403203161,-0.735561361,-1.236073586,-1.039805198,2,1,1,0,1,3,3,1,1,1,0,1,1,0,1
31,0.116733147,-1.643444394,0.269185389,-0.400357492,-0.433067452,0.677641913,0.111832672,-0.371179839,0.316506102,0.760908374,1.078507987,0.509282893,-0.392808432,-0.138548907,-1.039805198,2,1,0,1,1,2,3,0,1,0,0,1,1,0,1
32,-2.128990245,-0.64950497,-0.114585656,0.431999215,-2.398901729,0.115837413,1.424580353,-0.749908629,-0.761926534,-0.153278256,-0.116839399,-0.775894631,-1.078314291,-1.236073586,-0.769280877,2,1,0,0,1,1,0,0,0,0,1,0,1,0,1
33,-2.128990245,-0.64950497,-0.114585656,0.431999215,-2.398901729,0.228198313,0.986997792,-0.358169902,0.589303769,1.046693279,1.316396842,0.640500584,-0.392808432,-0.687311247,-0.769280877,2,1,1,1,1,2,0,0,0,0,0,0,1,0,1
34,0.116733147,-1.643444394,0.269185389,0.431999215,-2.398901729,-0.670688887,-0.544541169,-0.494766202,0.079813072,0.598126116,1.340513257,0.44285374,-0.735561361,-1.236073586,-0.946537324,2,2,0,1,1,1,3,2,1,1,1,0,1,0,2
35,-2.128990245,-0.980818112,0.269185389,0.748446548,-2.398901729,-1.569576087,-0.544541169,-0.785781004,-1.449201349,-1.07566572,-0.688859794,-1.074735145,-1.078314291,-1.236073586,-0.85643169,2,2,0,0,1,2,3,0,1,0,0,1,1,0,1
36,-2.128990245,-0.980818112,0.269185389,0.431999215,-1.415984591,-0.108884387,-0.325749889,0.389791959,-0.946784163,1.563442246,1.855607017,1.49381491,-0.735561361,-0.687311247,-0.22814302,2,2,0,0,1,2,3,1,1,0,0,1,1,0,1
37,-2.128990245,-1.643444394,0.614511657,0.431999215,-1.415984591,-0.895410687,-0.544541169,-0.804109033,-0.084615325,0.156071715,0.499271331,0.042358718,-1.42106722,-0.687311247,-0.446720508,2,2,0,1,1,2,3,0,1,0,1,0,1,0,2
38,-2.128990245,-1.312131253,0.446166902,0.253378412,-2.071262683,0.003476513,0.111832672,-0.86075538,-0.122089014,0.091946126,0.70115455,0.095373498,-0.735561361,-0.687311247,-1.039805198,2,2,0,1,1,3,0,0,0,0,1,0,1,0,2
39,-2.128990245,-0.64950497,-0.114585656,-0.158567267,-1.415984591,-0.445967087,-0.544541169,-0.982345271,-0.614248552,-0.395233149,-0.083643141,-0.674240123,-1.078314291,-0.687311247,-1.039805198,2,2,0,1,1,2,3,1,1,1,0,0,1,0,2
40,0.116733147,-1.643444394,0.446166902,0.253378412,-2.398901729,-0.108884387,-0.106958609,-1.24138987,-0.420406106,-0.577632535,0.041841827,-0.5144973,-0.392808432,-0.138548907,-0.603110417,2,2,0,1,1,2,3,0,1,0,0,0,1,0,1
41,0.116733147,-1.643444394,0.269185389,0.05772146,-2.071262683,-0.670688887,0.330623952,-1.439284765,-0.6424559,-0.7815377,-0.150835643,-0.749675387,-1.078314291,-1.236073586,-1.039805198,2,2,1,1,1,3,3,0,1,0,1,0,1,0,2
42,0.116733147,-1.312131253,0.269185389,0.05772146,-1.088345545,0.115837413,0.549415232,0.301135297,0.868013783,1.083924671,1.134946548,0.751408631,-0.392808432,-0.138548907,-0.603110417,2,2,1,1,1,3,1,0,0,0,1,0,1,0,1
43,-2.128990245,-1.312131253,0.446166902,0.253378412,-1.088345545,-0.445967087,-0.106958609,-1.070483045,-0.928834463,-0.043903384,0.184465791,-0.536075701,-0.735561361,-0.687311247,-1.136465365,2,2,1,1,1,3,0,0,0,0,1,0,1,0,1
44,0.116733147,-0.980818112,0.082632766,0.253378412,-1.088345545,0.677641913,-0.544541169,-0.21173837,1.1041978,1.736041079,1.83891125,1.015857647,0.292697427,-0.138548907,-0.85643169,2,2,0,0,1,2,3,0,1,1,0,0,1,0,1
45,-2.128990245,-1.312131253,0.269185389,0.253378412,-1.415984591,0.115837413,-0.544541169,-0.200273014,-0.093881666,0.573569776,0.338521518,-0.472453553,-0.050055502,-0.138548907,-0.85643169,2,2,1,0,1,2,2,0,1,1,0,0,1,0,2
46,-2.128990245,-0.980818112,0.269185389,0.253378412,-1.088345545,-0.108884387,-0.325749889,-0.697951655,0.323243034,0.9697387,1.049418794,0.403203161,-0.392808432,-1.236073586,-0.684897229,2,1,1,0,1,3,3,1,1,1,0,0,1,0,1
47,0.116733147,-1.643444394,0.446166902,0.253378412,-2.071262683,0.115837413,-0.763332449,-0.785781004,0.11189931,0.523386755,0.792203939,0.362219543,-0.392808432,-0.687311247,-0.371846214,2,2,1,0,1,2,3,0,1,1,0,1,1,0,1
48,0.116733147,0.344434454,-0.784498276,0.05772146,-0.760706498,1.239446413,0.549415232,0.720273511,0.239967385,0.124305815,0.756486186,0.853063139,1.320956216,1.50773811,1.357325535,2,0,1,1,0,3,2,1,1,0,1,1,0,0,1
49,0.116733147,-1.312131253,0.269185389,0.253378412,-2.398901729,-0.445967087,0.111832672,-0.371179839,-0.093881666,-0.07959935,0.184465791,-0.027325839,-0.735561361,-1.236073586,-0.446720508,2,2,1,1,1,3,2,1,1,0,0,1,1,0,1
50,0.116733147,-1.312131253,0.269185389,0.05772146,-1.088345545,-0.108884387,0.549415232,-0.804109033,-1.162822786,-1.208900134,-0.33431146,-0.69887021,-1.078314291,-0.687311247,-0.684897229,2,2,0,1,1,1,1,0,1,0,1,1,1,0,1
51,-2.128990245,-1.312131253,0.446166902,0.431999215,-0.760706498,0.228198313,0.549415232,-1.047861754,-0.685964563,-0.439063161,0.211338525,-0.431811529,-1.078314291,-0.687311247,-1.136465365,2,2,0,1,1,3,1,0,1,0,1,1,1,0,1
52,0.116733147,-0.64950497,0.082632766,0.253378412,-1.088345545,0.677641913,-0.325749889,-0.200273014,0.709138432,1.49218968,1.410483425,0.866917241,-0.392808432,-0.687311247,-0.85643169,2,2,1,1,1,3,3,1,1,0,0,1,1,0,1
53,2.362456538,-4.956575808,-0.323763823,0.890078166,-1.415984591,-0.445967087,-0.982123729,-1.568161686,-0.141244334,-0.008928599,0.28901553,-0.07113227,-1.42106722,-1.236073586,-0.523765371,2,2,0,0,1,3,1,1,1,0,0,0,1,0,1
54,0.116733147,0.344434454,0.614511657,0.748446548,-1.088345545,-0.445967087,0.111832672,0.093493671,-0.614248552,1.15606815,1.148710324,0.966089601,0.292697427,0.410213432,-0.371846214,0,0,1,1,0,2,3,1,1,0,0,1,1,0,0
55,0.116733147,0.344434454,0.614511657,0.748446548,-1.088345545,-0.108884387,0.111832672,0.009454651,0.414025097,0.217906609,0.542025387,0.298039049,1.320956216,0.410213432,0.100405775,0,0,0,1,0,2,3,1,1,0,1,1,1,1,0
56,0.116733147,0.344434454,1.07524611,1.264355922,-0.760706498,1.801250913,0.986997792,1.423624805,0.653219848,1.38723676,1.162341115,1.489689194,-0.392808432,-0.138548907,0.754593424,0,0,1,1,0,3,3,1,1,0,1,1,1,0,0
57,0.116733147,-1.974757536,0.77502353,0.431999215,-0.433067452,0.228198313,0.111832672,-0.411038669,-0.048204864,0.187265225,0.756486186,0.133674485,-0.392808432,-0.687311247,-1.136465365,2,1,0,0,1,3,3,1,1,0,1,1,1,0,2
58,0.116733147,-1.643444394,2.277037622,1.854922404,-0.105428406,-0.108884387,0.549415232,-0.50928021,-0.842669046,-1.279570885,-0.33431146,-0.775894631,-0.735561361,-0.687311247,-0.769280877,2,2,0,0,1,3,3,1,1,0,1,1,1,0,1
59,0.116733147,-1.974757536,0.614511657,0.05772146,-1.088345545,0.228198313,-2.07608013,0.075298458,0.261298336,0.573569776,1.241470782,0.509282893,-0.735561361,-1.236073586,-1.039805198,2,2,1,0,1,3,1,1,0,0,1,0,1,0,2
60,-2.128990245,-0.318191829,1.07524611,1.022565697,-0.433067452,-0.333606187,-0.544541169,0.418005454,0.261298336,0.091946126,0.774458096,0.362219543,-1.078314291,-0.687311247,-0.85643169,2,1,1,0,1,3,3,1,1,0,0,1,1,0,1
61,0.116733147,0.344434454,-0.784498276,-0.67447664,-0.105428406,1.239446413,0.986997792,1.15980974,0.997505195,-0.153278256,0.129134155,0.846076599,1.663709145,2.056500449,2.033830705,0,0,1,2,0,2,1,1,0,0,1,1,0,0,0
62,0.116733147,0.344434454,1.481642699,1.480644648,-0.105428406,1.801250913,0.768206512,1.664981105,0.997505195,-0.008928599,0.338521518,0.788694345,1.320956216,1.50773811,1.783494117,0,0,1,2,0,3,1,1,0,0,1,1,0,0,0
63,0.116733147,0.344434454,-0.323763823,-0.158567267,-0.105428406,1.239446413,-0.763332449,1.319215769,1.83435687,0.418433835,0.455180996,1.233044183,1.320956216,2.605262789,2.00379805,0,0,1,2,0,2,3,2,1,1,1,0,0,0,0
64,0.116733147,1.338373878,1.216097628,1.676301601,-1.415984591,0.115837413,-0.544541169,0.137860397,0.863611094,1.29191766,1.581696395,0.99122756,-0.392808432,-0.138548907,-0.523765371,0,0,1,1,0,3,1,1,0,0,1,1,1,1,0
65,0.116733147,0.344434454,0.614511657,1.022565697,-1.088345545,-1.569576087,-1.200915009,-1.502070232,-0.842669046,-0.116046864,0.432608101,-0.626424275,-0.392808432,-0.138548907,-2.070432336,0,0,1,1,0,2,2,1,0,0,1,1,1,0,0
66,0.116733147,0.013121313,0.77502353,1.022565697,-0.760706498,-0.895410687,0.111832672,-0.584479193,-0.481823693,0.573569776,1.034646136,0.194951092,-0.735561361,-0.687311247,-1.562633947,0,0,0,1,0,1,2,1,1,0,0,0,1,0,0
67,0.116733147,-0.980818112,1.216097628,1.022565697,-0.760706498,-1.232493387,-1.85728885,-1.047861754,-0.066280975,1.046693279,0.70115455,-0.650097793,-0.735561361,-1.236073586,-2.21413553,0,0,0,1,0,2,3,1,1,0,0,0,1,1,1
68,0.116733147,-1.643444394,0.77502353,0.05772146,-1.088345545,-1.344854287,-0.106958609,-1.267821324,-1.228651711,-0.116046864,-0.150835643,-0.802690167,-1.078314291,-0.687311247,-1.039805198,0,0,0,1,0,1,3,0,1,0,0,0,1,0,1
69,0.116733147,0.344434454,0.614511657,1.022565697,-0.760706498,-2.131380587,-1.200915009,-1.918071785,-1.560870241,-1.141001511,-0.414949172,-1.008819209,-1.763820149,-1.236073586,-1.341017165,2,1,1,0,1,1,1,0,0,0,0,0,1,0,1
70,0.116733147,-0.980818112,1.216097628,1.022565697,-0.433067452,-0.445967087,-0.544541169,-0.523963976,0.961237652,1.258941559,0.362637932,-0.431811529,-0.392808432,-0.138548907,-0.684897229,2,1,1,0,1,1,1,0,0,0,0,1,1,0,1
71,0.116733147,0.344434454,1.607125002,1.676301601,-0.760706498,0.115837413,-0.544541169,0.587389601,0.68402251,1.065409061,1.279431167,0.853063139,-0.735561361,-0.687311247,-0.603110417,0,0,1,1,0,3,3,0,1,0,0,1,1,1,0
72,0.116733147,-0.980818112,1.216097628,1.022565697,-0.760706498,-1.569576087,-0.763332449,-1.918071785,-0.964988478,-0.836500823,-0.051210083,-1.180814877,-0.735561361,-0.138548907,-1.562633947,2,2,0,0,0,0,3,1,0,0,0,1,1,0,1
73,0.116733147,-0.64950497,0.082632766,-0.158567267,-0.433067452,0.677641913,-0.325749889,-0.200273014,0.795691402,0.847486063,0.926665242,0.689273001,-0.392808432,-0.138548907,-0.299023531,2,2,1,1,1,3,3,2,1,0,1,1,1,0,1
74,0.116733147,-0.980818112,0.082632766,0.596314425,-2.398901729,-1.569576087,-1.200915009,-2.011110468,-0.761926534,-0.270032128,0.071543469,-0.916181155,-0.392808432,-0.687311247,-1.341017165,2,1,1,0,1,1,3,1,0,0,1,0,1,0,1
75,0.116733147,1.007060737,2.067859455,1.9387236,-0.433067452,1.801250913,1.643371633,0.855286291,-1.20633145,0.058970024,-0.01950592,-0.281572722,-0.735561361,-0.138548907,-0.523765371,2,1,1,0,1,3,2,0,0,0,1,0,1,0,1
76,0.116733147,1.007060737,1.728203497,1.767554145,-0.105428406,0.452920113,1.643371633,-0.070283108,-0.559628281,-0.230232835,0.184465791,0.001027714,-1.078314291,-1.236073586,-0.371846214,2,1,1,0,1,3,2,0,0,0,0,1,1,0,1
77,0.116733147,-0.318191829,0.082632766,0.253378412,-1.088345545,-1.007771587,-0.763332449,-1.025640861,-0.507238042,-0.116046864,0.499271331,-0.163770324,-1.078314291,-0.687311247,-0.85643169,2,1,0,0,1,1,2,0,1,0,0,0,1,0,1
78,0.116733147,0.344434454,-0.546446442,0.05772146,-1.088345545,-1.906658787,-1.63849757,-1.790288936,-0.573066966,-0.230232835,0.129134155,-0.392480768,-1.42106722,-0.687311247,-0.769280877,2,2,0,0,1,1,3,1,1,0,1,0,1,0,1
79,2.362456538,-3.962636384,-3.176121555,-3.246203869,-1.743623637,0.115837413,0.111832672,0.714779201,0.786357669,0.187265225,0.623832412,0.914203139,0.292697427,0.410213432,1.029790224,2,2,0,1,0,3,3,1,1,0,0,1,1,1,0
80,0.116733147,0.013121313,-0.323763823,-0.990923974,-1.088345545,-0.108884387,0.768206512,0.72574388,-0.170524296,-0.439063161,-0.966373932,-0.22968626,0.635450357,0.958975771,1.029790224,0,0,0,1,0,1,2,1,0,0,0,1,1,0,0
81,0.116733147,0.013121313,-0.323763823,-0.400357492,-0.760706498,0.115837413,-0.544541169,-0.270690406,0.3694366,0.335320612,0.263595457,0.230291185,0.292697427,0.410213432,0.392772937,0,0,0,1,0,1,3,0,1,0,0,1,1,0,0
82,0.116733147,0.344434454,1.07524611,1.264355922,-0.760706498,0.115837413,0.986997792,0.129111597,-0.160689898,-0.72826602,-0.500476926,0.158555917,1.663709145,1.50773811,1.395568808,0,0,0,2,0,3,2,1,0,0,0,1,1,1,0
83,0.116733147,-1.974757536,0.614511657,0.253378412,-0.105428406,-0.108884387,0.986997792,-0.804109033,-0.220859479,0.335320612,0.643563864,-0.472453553,-0.735561361,-0.687311247,-0.946537324,2,2,0,0,1,2,3,1,1,0,1,0,1,0,2
84,0.116733147,-1.974757536,0.446166902,-0.67447664,0.22221064,0.228198313,0.986997792,0.646900633,-0.809759996,-0.626401759,-0.793409534,-0.264030724,1.320956216,2.605262789,1.318523945,2,0,0,2,0,1,3,1,1,0,0,1,0,0,1
85,2.362456538,-3.300010101,1.07524611,2.096712629,0.22221064,0.677641913,0.111832672,1.24565386,0.225547204,0.124305815,-0.150835643,0.133674485,0.978203286,1.50773811,0.802484118,0,0,0,1,0,2,3,1,1,0,0,0,1,0,0
86,0.116733147,0.013121313,-0.323763823,-0.400357492,0.22221064,-3.254989588,2.737328034,1.096429837,-0.252036299,0.3067052,0.942606382,0.21862461,-1.078314291,-1.236073586,-0.946537324,2,0,0,0,1,3,3,1,1,1,1,1,1,0,1
87,0.116733147,-1.974757536,0.77502353,0.253378412,0.549849686,1.351807313,0.986997792,0.066100998,0.544853174,1.00864355,1.279431167,0.589695407,-0.392808432,-0.138548907,-0.523765371,1,1,1,1,1,2,3,0,1,1,1,0,1,0,2
88,0.116733147,0.675747595,-0.546446442,0.253378412,0.549849686,0.677641913,0.549415232,-0.070283108,-1.930076423,-1.43020437,-0.84874117,-0.650097793,-0.392808432,0.410213432,0.279655369,2,2,1,2,1,3,3,0,1,1,0,0,1,0,2
89,0.116733147,0.344434454,-0.546446442,-0.67447664,0.22221064,0.115837413,0.986997792,0.360929822,0.426485221,0.418433835,0.432608101,0.413237356,-0.050055502,0.410213432,0.501272151,0,0,0,1,0,2,3,0,1,1,0,0,1,0,0
90,0.116733147,0.344434454,-0.784498276,-0.400357492,0.549849686,1.351807313,0.111832672,-0.049868874,0.626973889,0.248015072,0.211338525,-0.11657161,-0.392808432,-0.138548907,-0.85643169,1,0,1,1,0,2,3,0,1,0,0,1,1,0,1
91,0.116733147,-0.980818112,0.269185389,0.748446548,-2.398901729,-0.445967087,-0.325749889,-0.615867021,-0.946784163,-0.31076796,-0.374054254,-1.109079609,-0.392808432,-0.138548907,-1.236773936,0,0,1,1,0,2,2,1,0,0,0,1,1,0,0
92,0.116733147,0.013121313,-0.114585656,0.05772146,0.22221064,-0.445967087,-0.106958609,-0.144466151,-0.533165846,0.02535357,0.100632662,-0.830087901,-0.392808432,-0.138548907,-1.562633947,0,0,1,1,0,2,3,1,1,0,0,0,1,0,0
93,0.116733147,-0.318191829,-0.114585656,-0.158567267,-0.105428406,0.677641913,0.549415232,-0.30743784,0.309733618,0.39117039,-0.01950592,-0.472453553,-0.392808432,-0.138548907,-1.804424348,0,0,1,1,0,2,3,0,1,0,1,1,1,0,0
94,0.116733147,0.013121313,-0.114585656,-0.158567267,-0.105428406,-0.445967087,0.111832672,-0.246776394,-0.685964563,-0.439063161,-0.150835643,-0.858115522,-0.392808432,-0.138548907,-1.236773936,0,0,0,1,0,1,3,0,1,0,1,0,1,0,0
95,0.116733147,0.013121313,-0.323763823,-0.400357492,-0.105428406,0.677641913,-0.544541169,0.431877946,0.96938614,1.927263455,1.487957251,0.697215361,-0.392808432,-0.687311247,-0.946537324,0,0,0,1,0,1,3,0,1,0,0,1,1,1,0
96,0.116733147,-0.64950497,0.082632766,-0.400357492,-0.105428406,0.677641913,-0.982123729,-0.234988066,0.021656336,1.275508125,0.827039681,0.082334359,-0.392808432,-0.138548907,-0.946537324,0,0,1,1,0,1,3,0,1,0,0,0,1,1,0
97,0.116733147,0.344434454,-0.323763823,-0.158567267,0.549849686,1.801250913,1.643371633,0.681298612,1.154392346,1.506676735,1.477146655,1.137583871,-0.392808432,-0.138548907,0.221238476,1,0,1,1,0,2,3,0,1,1,0,0,1,0,1
98,0.116733147,0.344434454,-0.323763823,-0.158567267,0.549849686,1.464168213,1.862162913,0.550280071,-0.021559285,-0.153278256,-0.01950592,-0.041753792,-0.050055502,0.410213432,-0.026182991,1,0,1,1,0,2,3,0,1,0,0,0,1,0,1
99,0.116733147,0.013121313,-0.546446442,-0.67447664,-0.105428406,0.677641913,1.643371633,0.543987087,-0.983454734,0.39117039,0.603821071,0.028736812,0.292697427,0.410213432,-0.15910377,2,2,1,1,1,2,3,0,1,0,1,0,1,0,1
100,0.116733147,0.344434454,-0.784498276,-1.365201729,-0.105428406,1.239446413,0.549415232,0.869970057,0.719048772,0.497738983,0.338521518,0.372595332,-0.392808432,-0.138548907,0.553904795,0,0,1,1,0,1,3,0,1,0,0,0,1,1,0
101,0.116733147,-0.318191829,-0.114585656,-0.400357492,-0.105428406,0.115837413,-0.763332449,-0.080616069,-0.283989385,0.646217903,0.520810312,0.001027714,-0.392808432,-0.138548907,-0.684897229,2,2,0,0,1,2,3,1,1,0,0,0,1,0,1
102,0.116733147,0.344434454,-0.546446442,-0.67447664,-0.760706498,-0.108884387,-0.106958609,-0.466232071,-0.048204864,0.909691305,0.80972933,0.413237356,-0.392808432,-0.138548907,-0.523765371,2,2,0,0,1,1,3,1,1,0,0,0,1,0,1
103,0.116733147,0.344434454,0.77502353,0.05772146,-0.433067452,0.677641913,-0.106958609,0.709260741,0.533495731,0.497738983,-0.500476926,-0.5144973,-0.050055502,-0.138548907,-0.22814302,0,0,0,0,0,1,3,1,1,0,0,1,1,0,0
104,0.116733147,0.344434454,-0.784498276,-4.669127058,-0.760706498,0.677641913,-0.325749889,0.40397796,0.030127539,-0.008928599,0.071543469,0.001027714,-0.050055502,0.410213432,-0.091812539,0,0,1,0,0,1,3,0,0,0,0,1,1,1,0
105,0.116733147,0.344434454,-0.784498276,-0.990923974,0.877488733,-0.445967087,-0.544541169,-0.029781282,-0.030379819,0.058970024,-0.545267224,-0.626424275,-0.392808432,-1.236073586,0.037864968,1,0,0,1,0,2,3,0,1,0,0,0,1,1,1
106,0.116733147,0.013121313,-0.546446442,-0.67447664,0.549849686,0.677641913,0.986997792,-0.732349634,-1.651499602,-1.77760407,-1.884207179,-2.226173471,0.635450357,0.410213432,-0.371846214,1,0,1,1,0,1,2,0,1,0,0,0,1,0,1
107,0.116733147,0.344434454,-0.323763823,0.05772146,-1.088345545,-0.445967087,1.862162913,-0.060034498,-1.141609367,-0.484031741,-0.591526315,-0.431811529,-0.392808432,-0.687311247,0.392772937,2,2,1,1,1,2,1,0,0,0,1,1,1,0,1
108,0.116733147,0.344434454,0.77502353,0.596314425,-0.760706498,0.228198313,2.080954193,-0.523963976,0.275324516,-0.191327985,0.211338525,0.275872114,-0.050055502,-0.138548907,0.501272151,0,0,1,1,0,2,2,0,0,0,0,1,1,1,0
109,-2.128990245,0.344434454,-0.546446442,-1.365201729,-0.760706498,0.677641913,-0.325749889,-0.345293402,0.239967385,0.523386755,0.844140204,0.681278561,0.292697427,0.410213432,0.100405775,1,0,1,2,0,2,2,0,0,0,0,1,1,0,1
110,0.116733147,-0.980818112,0.446166902,-0.158567267,-0.433067452,-0.445967087,-0.325749889,-0.732349634,-0.273249718,-0.270032128,0.071543469,0.095373498,0.635450357,0.958975771,0.44757615,0,0,1,1,0,2,3,0,1,0,0,1,1,1,0
111,0.116733147,1.007060737,0.269185389,0.431999215,-0.105428406,0.228198313,0.549415232,-0.166492115,-0.731000154,-0.07959935,0.100632662,-0.264030724,-0.735561361,-1.236073586,-0.769280877,2,2,1,1,1,1,3,0,1,0,0,0,1,0,1
112,0.116733147,0.344434454,-0.323763823,-0.67447664,-0.105428406,0.115837413,-0.325749889,0.120301402,-0.396639081,0.622339,0.583521787,0.146178675,-0.392808432,-0.138548907,-0.85643169,2,2,1,1,1,3,3,0,1,0,0,1,1,1,1
113,0.116733147,0.344434454,-0.546446442,-0.158567267,0.549849686,0.677641913,0.986997792,0.5376624,-0.586647862,0.248015072,0.157071224,0.182939687,-1.763820149,-1.236073586,-0.22814302,2,1,1,1,1,2,3,0,1,0,0,0,1,0,1
114,-2.128990245,0.675747595,-0.546446442,-0.158567267,0.22221064,0.340559213,0.549415232,0.102493334,0.261298336,0.3067052,0.211338525,0.275872114,0.978203286,0.410213432,0.501272151,2,0,1,1,0,2,3,1,0,0,0,1,1,0,1
115,-2.128990245,0.675747595,-0.546446442,0.05772146,0.549849686,0.677641913,-0.106958609,-0.397611293,-0.093881666,0.248015072,0.386349009,-0.041753792,0.635450357,0.410213432,-0.22814302,1,0,1,1,0,1,3,1,0,0,1,0,1,0,1
116,-2.128990245,0.675747595,0.614511657,0.890078166,0.877488733,-0.108884387,0.549415232,0.23834983,-0.671297173,0.091946126,0.28901553,-0.493294195,-2.106573079,-1.236073586,-0.85643169,2,2,1,0,1,1,2,1,0,0,0,1,1,0,1
117,0.116733147,0.675747595,0.446166902,0.596314425,0.549849686,0.677641913,-0.325749889,-0.000239974,0.510474797,0.669771912,0.562926153,0.563476163,-0.392808432,-0.138548907,0.392772937,0,0,0,1,0,2,3,1,1,0,1,1,1,1,0
118,0.116733147,0.344434454,1.607125002,1.480644648,0.877488733,-0.108884387,0.111832672,-0.101540681,0.254227339,0.277608835,0.455180996,0.298039049,-0.735561361,-0.138548907,0.037864968,1,0,0,0,0,2,3,1,1,0,0,1,1,0,1
119,0.116733147,-0.318191829,-0.114585656,0.431999215,1.532766825,0.902363713,1.862162913,0.137860397,0.850311673,0.73857009,0.682217676,0.423189639,0.978203286,0.410213432,-0.85643169,1,1,1,1,1,1,2,0,1,0,0,1,1,1,1
120,0.116733147,0.675747595,0.614511657,1.022565697,-0.433067452,-0.445967087,-0.544541169,0.972703365,1.467907688,0.622339,0.738282373,1.655579297,3.034720863,2.605262789,1.750476777,0,0,0,2,0,3,3,1,1,0,0,1,0,1,0
121,0.116733147,0.344434454,-0.323763823,-0.400357492,0.22221064,1.801250913,0.111832672,0.865094526,1.115120272,0.760908374,1.134946548,1.243203808,-0.392808432,-0.138548907,0.037864968,1,0,1,1,0,3,2,1,0,0,0,0,1,0,1
122,-2.128990245,-0.64950497,0.082632766,-0.158567267,-1.088345545,-0.445967087,-0.544541169,-0.86075538,-0.481823693,0.091946126,0.455180996,-0.246737557,-0.392808432,-0.687311247,0.392772937,2,2,1,1,1,2,2,1,0,0,0,0,1,0,1
123,0.116733147,0.344434454,-0.546446442,-1.365201729,-0.105428406,0.677641913,-1.200915009,0.810175533,1.111489767,1.00864355,1.004628496,0.966089601,-0.050055502,-0.138548907,0.037864968,0,0,0,1,0,2,3,1,0,1,0,1,1,1,0
124,0.116733147,0.344434454,0.77502353,0.748446548,-0.105428406,0.228198313,-1.63849757,0.587389601,1.178772126,1.521043564,1.049418794,0.681278561,-0.050055502,-0.138548907,-0.85643169,0,0,1,1,0,1,3,1,0,1,0,1,1,1,0
125,0.116733147,0.344434454,0.77502353,0.748446548,0.549849686,0.228198313,-1.200915009,0.137860397,0.336611724,0.471705515,0.313985667,0.44285374,0.635450357,0.410213432,0.605515381,0,0,0,1,0,2,3,1,1,0,1,1,1,1,0
126,-2.128990245,-1.643444394,0.77502353,-0.400357492,0.549849686,-0.221245287,-1.200915009,0.438757128,0.953037096,1.102244344,1.421815019,1.092633237,0.292697427,0.958975771,0.279655369,2,0,1,2,0,1,3,1,1,0,1,0,1,0,1
127,0.116733147,-1.974757536,0.77502353,0.596314425,-1.415984591,-0.895410687,-0.544541169,-1.637926728,-0.859445529,-0.31076796,0.237708935,-0.431811529,-1.078314291,-1.236073586,-1.236773936,2,2,1,0,1,3,2,1,0,0,0,0,1,0,1
128,0.116733147,-0.318191829,1.845176836,1.480644648,1.860405871,1.239446413,-1.200915009,0.285730838,1.078344614,1.258941559,-1.460826858,0.781327871,-1.42106722,-1.784835925,-0.15910377,1,0,0,0,0,2,2,1,0,0,0,1,1,1,1
129,0.116733147,0.344434454,1.607125002,1.480644648,1.532766825,1.576529113,-0.106958609,0.92704569,0.762721961,1.191042936,1.444208757,0.900878986,-0.735561361,-0.687311247,-0.523765371,2,1,0,0,1,2,3,1,0,0,0,1,1,0,1
130,0.116733147,0.675747595,1.481642699,1.580803255,2.188044918,0.228198313,-0.544541169,-0.000239974,1.175317527,1.15606815,1.340513257,1.292769489,-0.392808432,-0.138548907,0.501272151,0,0,0,0,0,2,3,1,0,0,0,1,1,1,0
131,0.116733147,0.675747595,1.481642699,1.580803255,1.860405871,0.340559213,0.768206512,0.102493334,0.985529531,1.083924671,1.078507987,1.196803575,0.635450357,-0.138548907,0.161508734,0,0,0,1,0,2,3,1,0,0,1,1,1,1,0
132,0.116733147,0.675747595,1.481642699,1.580803255,-1.743623637,-0.445967087,0.111832672,-1.070483045,-0.777673758,-0.352485472,0.477398398,-0.317432596,-1.42106722,-1.236073586,-1.449516379,2,2,0,0,1,2,3,1,0,0,1,1,1,1,1
133,0.116733147,0.344434454,1.607125002,1.676301601,1.205127779,-0.445967087,0.986997792,-0.940493139,-0.469302788,-0.72826602,0.157071224,-0.22968626,-0.735561361,-1.236073586,-0.091812539,1,0,0,0,0,2,3,1,0,0,1,1,1,0,1
134,0.116733147,0.344434454,1.607125002,1.375347505,1.205127779,0.902363713,-0.544541169,1.22014316,0.64801342,1.29191766,1.162341115,1.120920999,-0.392808432,-0.138548907,0.037864968,0,0,1,1,0,3,3,1,0,0,1,1,1,1,0
135,0.116733147,0.344434454,1.607125002,1.375347505,0.877488733,1.351807313,0.549415232,-0.615867021,-0.964988478,0.02535357,0.477398398,0.108274653,-1.078314291,-0.138548907,-0.684897229,2,2,1,1,1,3,3,0,1,0,1,1,1,0,1
136,0.116733147,-0.318191829,-0.323763823,0.05772146,2.188044918,0.115837413,-1.63849757,0.629341638,0.181288244,0.187265225,0.237708935,0.697215361,-0.050055502,-0.138548907,-0.15910377,2,2,0,1,1,3,2,0,0,0,1,1,1,0,1
137,0.116733147,-0.980818112,-0.114585656,0.05772146,-1.743623637,-1.569576087,-1.41970629,-0.822708599,0.556110989,0.989300411,0.958369405,0.728477274,-1.42106722,-1.784835925,-0.769280877,2,2,0,0,1,0,2,1,0,0,0,1,1,1,1
138,0.116733147,-0.64950497,0.082632766,0.431999215,-1.743623637,-2.019019687,-1.200915009,-1.568161686,-0.700801522,-0.395233149,-0.051210083,-0.299370817,-1.42106722,-0.687311247,-0.684897229,2,2,1,0,1,0,2,1,0,0,0,1,1,0,1
139,0.116733147,0.344434454,0.77502353,1.022565697,-1.088345545,-1.232493387,-0.763332449,-0.538821518,0.738642781,1.47758037,1.410483425,0.751408631,-0.392808432,-0.138548907,-0.769280877,0,0,1,1,0,2,3,1,0,0,0,1,1,1,0
140,0.116733147,1.338373878,0.614511657,1.264355922,-1.088345545,-0.108884387,-0.763332449,1.457599632,0.827835045,0.646217903,0.562926153,1.154022069,0.635450357,0.958975771,0.941186631,0,0,0,1,0,3,3,1,0,1,0,1,1,0,0
141,0.116733147,0.344434454,-0.784498276,0.253378412,-0.760706498,-1.344854287,-0.763332449,-1.190139991,-0.220859479,0.418433835,0.386349009,0.082334359,-1.763820149,-1.784835925,-0.946537324,0,0,1,0,0,2,2,0,0,1,1,1,1,1,0
142,0.116733147,0.344434454,-0.323763823,0.431999215,-0.105428406,-1.232493387,-0.106958609,-0.648059751,-0.481823693,-0.395233149,0.263595457,-0.163770324,-0.392808432,-0.138548907,-0.946537324,0,0,0,0,0,2,2,0,0,1,1,1,1,0,0
143,0.116733147,-0.318191829,-0.546446442,-0.158567267,-0.105428406,-0.783049787,-0.763332449,-1.190139991,0.038543193,0.363470712,0.542025387,0.287005962,-0.392808432,-0.138548907,-0.684897229,0,0,0,0,0,2,3,0,1,0,0,0,1,0,1
144,0.116733147,0.344434454,-1.040199167,-0.400357492,0.22221064,-1.569576087,-1.200915009,-0.804109033,0.046904022,0.573569776,0.682217676,-0.132102366,-1.078314291,-1.236073586,-1.562633947,2,0,0,0,1,1,3,0,0,0,0,0,1,0,1
145,0.116733147,-0.318191829,-0.323763823,0.05772146,0.877488733,-2.131380587,-2.07608013,-2.011110468,-1.021204004,-0.577632535,-0.33431146,-0.775894631,-1.078314291,-0.687311247,-1.039805198,2,2,0,0,1,0,3,0,1,0,0,1,1,0,1
146,0.116733147,0.344434454,-0.784498276,0.05772146,0.877488733,-2.580824188,-0.763332449,-2.701664875,-1.749018597,-1.208900134,-0.740166389,-1.519289008,-2.106573079,-1.236073586,-1.562633947,2,2,1,0,1,0,3,0,0,0,0,1,1,0,1
147,0.116733147,1.007060737,-1.316377168,-0.158567267,-0.105428406,0.677641913,-0.544541169,1.167511897,1.8811044,1.810246424,1.936244729,1.971549518,1.320956216,0.958975771,0.705823951,1,0,0,1,0,3,3,0,0,0,0,1,1,0,1
148,2.362456538,-3.962636384,-3.708000447,-0.158567267,-0.105428406,-0.221245287,0.768206512,-0.648059751,-0.339078643,-0.07959935,0.041841827,-0.11657161,0.292697427,-0.138548907,0.221238476,0,0,0,0,0,2,1,1,0,0,1,1,1,0,0
149,0.116733147,0.675747595,-1.040199167,-0.400357492,0.22221064,1.239446413,-0.325749889,1.042468407,0.653219848,1.275508125,0.477398398,0.997431888,-0.050055502,0.958975771,1.19860007,1,0,0,2,0,1,3,1,1,0,1,1,1,0,1
150,0.116733147,0.344434454,-0.323763823,0.253378412,-0.760706498,0.677641913,-0.325749889,0.736613625,1.687587335,1.521043564,1.387543474,1.836276445,0.635450357,0.958975771,1.073008439,0,0,0,1,0,3,2,1,1,0,1,0,1,1,0
151,0.116733147,0.344434454,-0.784498276,-0.400357492,-0.760706498,0.677641913,-1.200915009,0.599519625,1.185653551,1.00864355,0.774458096,0.984991496,-0.392808432,-0.138548907,0.802484118,1,0,0,1,0,3,2,1,1,0,1,1,1,0,1
152,0.116733147,0.013121313,-0.546446442,-0.400357492,0.22221064,0.115837413,-0.544541169,0.23834983,0.457116332,0.091946126,0.129134155,0.481255272,-0.050055502,-0.138548907,0.392772937,0,0,0,1,0,3,3,1,0,0,1,1,1,1,0
153,0.116733147,0.344434454,-0.784498276,-0.400357492,0.22221064,0.115837413,1.205789073,0.499030192,-0.220859479,-0.153278256,0.157071224,0.500011762,-0.050055502,0.410213432,0.656142848,1,0,0,1,0,2,3,1,1,0,1,1,1,0,1
154,0.116733147,0.344434454,-0.546446442,0.05772146,-0.433067452,0.228198313,1.643371633,0.658471661,0.550494425,0.949953422,0.756486186,1.021938198,-0.050055502,0.410213432,0.392772937,1,0,1,0,0,3,3,1,1,0,0,1,1,1,1
155,0.116733147,0.344434454,-0.784498276,-0.158567267,-0.105428406,0.228198313,0.768206512,-0.631860201,0.289199058,0.091946126,0.338521518,0.35175469,-0.392808432,-0.138548907,0.44757615,2,2,1,1,1,3,3,1,0,0,1,1,1,0,1
156,0.116733147,0.344434454,-1.040199167,-0.400357492,-0.760706498,0.115837413,-0.544541169,-0.600075018,0.809565944,0.868470477,1.215584259,1.057798072,1.320956216,0.958975771,-0.091812539,1,0,1,1,0,3,3,1,1,0,1,0,1,0,1
157,0.116733147,0.013121313,-0.784498276,-0.158567267,-0.433067452,0.677641913,0.111832672,0.581280355,0.668713589,0.909691305,0.263595457,0.97872337,-0.050055502,-0.138548907,0.037864968,0,0,1,1,0,3,3,1,1,0,1,0,1,0,0
158,0.116733147,0.344434454,-1.040199167,-0.67447664,0.22221064,-0.445967087,0.549415232,0.518494887,0.432670209,-0.043903384,0.774458096,0.554609594,0.635450357,0.410213432,-0.22814302,1,0,1,1,0,0,3,1,1,0,1,0,1,0,1
159,0.116733147,1.007060737,-1.040199167,0.05772146,0.22221064,0.677641913,-0.544541169,1.329381393,0.72888317,1.72335829,1.477146655,1.417327598,-0.735561361,-0.687311247,-0.22814302,1,0,1,1,0,3,3,1,1,0,0,1,1,0,1
160,0.116733147,0.344434454,-0.546446442,0.05772146,0.22221064,1.239446413,0.549415232,0.805061686,1.659431559,0.847486063,0.894232184,1.368107606,0.635450357,0.410213432,0.392772937,0,0,1,1,0,2,3,1,1,0,1,0,1,1,0
161,0.116733147,0.344434454,-0.546446442,-0.158567267,0.22221064,0.228198313,-0.106958609,-0.133596407,0.694127938,-0.191327985,-0.591526315,-0.163770324,0.635450357,-0.138548907,0.553904795,0,0,1,1,0,1,2,0,0,0,0,1,1,1,0
162,0.116733147,0.344434454,0.614511657,0.748446548,0.877488733,0.115837413,0.549415232,0.111428943,0.426485221,0.418433835,0.756486186,0.393085694,-0.392808432,-1.236073586,-0.523765371,2,1,1,1,1,1,3,1,1,0,1,0,1,0,1
163,0.116733147,0.675747595,0.446166902,0.748446548,0.877488733,0.677641913,1.862162913,0.820341157,0.349842591,0.418433835,0.157071224,0.712946519,-0.392808432,0.410213432,0.705823951,2,0,1,1,0,1,3,1,1,0,0,1,1,0,1
164,0.116733147,1.007060737,0.269185389,0.596314425,0.22221064,1.239446413,1.643371633,0.635221965,-0.200487898,-0.153278256,0.40966815,-0.013066637,-0.392808432,-0.138548907,-0.22814302,2,1,0,1,1,1,3,1,1,0,1,0,1,0,1
165,0.116733147,0.675747595,0.446166902,0.596314425,0.22221064,-0.445967087,0.330623952,-0.600075018,-0.82610904,-0.484031741,-0.688859794,-0.626424275,-0.392808432,-0.687311247,-0.091812539,1,0,1,0,0,1,2,1,0,0,1,1,1,0,1
166,0.116733147,0.344434454,-0.784498276,-0.400357492,-0.433067452,0.677641913,-0.763332449,0.731190516,0.911229403,0.471705515,0.071543469,0.433061335,1.320956216,0.410213432,0.985857626,1,0,1,1,0,1,2,1,1,0,1,1,1,0,1
167,0.116733147,0.344434454,-1.040199167,-0.67447664,-0.433067452,0.228198313,-0.544541169,0.40397796,1.462387754,0.277608835,0.362637932,1.092633237,0.978203286,0.958975771,1.973422157,0,0,1,2,0,1,3,1,1,0,1,1,0,0,0
168,2.362456538,-2.306070677,-2.308990513,0.431999215,1.205127779,0.115837413,0.549415232,0.940918182,0.911229403,0.248015072,1.019717152,0.953323538,-0.392808432,-0.138548907,0.037864968,1,0,1,0,0,3,3,1,1,0,1,1,1,1,0
169,0.116733147,0.675747595,2.377055728,1.676301601,1.532766825,0.115837413,0.986997792,-0.010010044,0.375902017,-0.153278256,-0.116839399,-0.07113227,-0.392808432,0.410213432,-0.22814302,2,2,0,0,1,0,3,1,1,0,0,0,1,0,1
170,0.116733147,0.344434454,-0.323763823,0.05772146,-0.433067452,0.228198313,-0.106958609,1.038219849,1.442878847,1.761131272,1.660093001,1.253279467,-0.392808432,-0.138548907,-0.091812539,0,0,0,1,0,0,3,1,1,0,1,1,1,1,0
171,0.116733147,0.344434454,-0.323763823,0.05772146,-1.088345545,-1.007771587,-0.763332449,-0.600075018,-0.220859479,1.065409061,0.774458096,-0.179918214,-0.735561361,-0.138548907,-1.680780582,0,0,1,0,0,0,3,1,0,0,0,0,1,0,0
172,0.116733147,-0.64950497,-0.114585656,-0.990923974,-0.433067452,-2.131380587,-1.200915009,-2.165031271,-2.707980599,-1.77760407,-3.119297358,-4.598525618,-1.42106722,-1.236073586,-1.680780582,2,2,1,0,1,0,3,1,0,0,0,0,1,0,1
173,0.116733147,-0.64950497,-0.114585656,-0.67447664,-0.760706498,-2.356102388,-0.544541169,-2.165031271,-2.338774417,-1.43020437,-2.006960731,-2.908427848,-1.42106722,-1.236073586,-1.680780582,2,2,1,0,1,0,3,1,0,0,0,0,1,0,1
174,0.116733147,-0.980818112,-0.114585656,-0.990923974,-0.760706498,-2.131380587,-1.200915009,-1.190139991,-2.010313964,-0.951956463,-1.312186784,-2.226173471,-1.763820149,-1.784835925,-1.680780582,2,2,1,0,1,0,3,1,0,0,0,0,1,0,2
175,2.362456538,-1.312131253,-1.040199167,-0.990923974,0.22221064,-1.232493387,0.986997792,0.066100998,-2.572762741,-4.879485489,-4.411978223,-3.071222356,1.320956216,2.056500449,0.161508734,0,0,0,2,0,0,3,1,0,0,0,0,0,1,0
176,0.116733147,0.344434454,-1.040199167,-0.990923974,0.22221064,-0.445967087,0.768206512,-0.50928021,-1.100206336,-1.77760407,-2.290062108,-1.620943516,1.320956216,1.50773811,0.605515381,0,0,0,1,0,0,3,1,1,0,0,1,0,0,0
177,0.116733147,0.344434454,-0.784498276,-0.67447664,-0.760706498,-0.445967087,0.330623952,0.23834983,-1.079995168,-1.012706309,-0.793409534,-0.858115522,-0.735561361,-0.138548907,-0.22814302,2,1,1,0,1,2,3,1,1,1,1,0,1,0,1
178,2.362456538,-0.318191829,-1.040199167,-0.990923974,0.22221064,0.677641913,-0.544541169,0.293456694,0.600179959,-0.395233149,-0.793409534,0.042358718,1.320956216,1.50773811,1.683185546,0,0,0,2,0,1,3,1,1,1,1,0,0,1,0
179,0.116733147,-0.64950497,-0.114585656,-0.67447664,-0.105428406,0.677641913,-1.200915009,0.692558308,0.173761051,0.9697387,0.100632662,0.372595332,-0.050055502,-0.138548907,0.501272151,2,2,1,1,1,0,3,1,1,1,1,0,1,0,1
180,0.116733147,-0.64950497,0.082632766,-0.400357492,-0.105428406,-1.007771587,-1.200915009,0.102493334,-0.793616605,-0.07959935,-0.545267224,-0.626424275,-0.735561361,-1.236073586,0.037864968,2,2,0,1,1,0,3,1,1,1,0,0,1,0,1
181,0.116733147,-0.318191829,0.082632766,-0.158567267,-0.760706498,0.228198313,-0.544541169,-0.234988066,-0.339078643,-0.153278256,-0.295657648,0.133674485,-1.078314291,-0.687311247,0.553904795,2,0,0,1,0,2,3,1,1,1,0,1,1,1,1
182,0.116733147,0.344434454,-0.323763823,0.05772146,-0.760706498,-0.445967087,-0.544541169,0.472598738,0.135448276,-0.07959935,-0.116839399,-0.05635454,1.320956216,0.958975771,0.501272151,2,2,0,1,1,0,3,1,1,1,0,1,1,0,1
183,0.116733147,0.344434454,-0.784498276,-0.67447664,-0.105428406,-0.221245287,-0.106958609,-0.452204577,-0.408467577,-0.191327985,-0.083643141,-0.212870161,-0.050055502,0.410213432,-0.684897229,2,2,1,0,1,0,2,1,0,0,0,0,1,0,1
184,0.116733147,0.344434454,-0.784498276,-0.67447664,-0.105428406,-0.221245287,-0.544541169,-0.86075538,-0.893671095,-1.35324979,-1.094714723,-1.180814877,-0.392808432,-0.687311247,0.221238476,2,2,1,0,1,0,3,1,1,0,1,1,1,0,1
185,0.116733147,0.344434454,-0.784498276,-0.990923974,-0.105428406,0.677641913,-0.544541169,0.950082074,1.625782895,0.73857009,0.184465791,1.104027225,1.320956216,2.056500449,2.207230986,0,0,1,2,0,1,3,1,1,1,1,0,0,1,0
186,0.116733147,0.344434454,-0.784498276,-0.67447664,-0.433067452,0.115837413,0.768206512,-0.019856743,-1.079995168,-1.595204684,-1.235910052,-0.472453553,1.320956216,1.50773811,1.357325535,0,0,0,1,0,0,3,1,1,0,1,1,0,1,0
187,0.116733147,0.344434454,-0.546446442,-0.400357492,0.22221064,0.902363713,1.643371633,0.277957143,-0.084615325,-0.626401759,-1.666735118,-0.9462851,-0.050055502,0.410213432,0.895751992,2,2,0,1,1,1,3,1,1,1,1,0,1,0,1
188,2.362456538,0.675747595,0.269185389,0.05772146,-0.760706498,-0.221245287,-0.325749889,0.120301402,0.457116332,-0.191327985,-0.221389138,0.275872114,0.292697427,0.410213432,0.605515381,2,2,1,1,1,1,3,1,1,1,1,1,1,0,1
189,0.116733147,0.344434454,-0.784498276,-0.400357492,0.22221064,-0.445967087,0.111832672,-0.144466151,-0.150930287,-0.7815377,-0.639353806,-0.086091327,-0.050055502,0.410213432,0.656142848,0,0,0,1,0,1,3,1,1,0,1,0,1,1,0
190,2.362456538,-2.96869696,-5.10701038,-0.67447664,0.22221064,-1.007771587,-0.544541169,0.61153357,-0.614248552,-0.893266334,-0.545267224,-0.163770324,0.635450357,0.958975771,0.44757615,0,0,1,0,0,3,3,1,1,0,1,1,1,1,0
191,0.116733147,0.344434454,-1.040199167,-0.990923974,-0.105428406,-0.108884387,-0.544541169,0.346246055,0.316506102,0.889203575,1.034646136,0.788694345,0.292697427,-0.687311247,-0.091812539,0,0,0,0,0,2,3,1,1,0,1,1,1,1,0
192,0.116733147,0.344434454,-1.040199167,-0.67447664,-0.105428406,0.677641913,-0.325749889,0.431877946,0.487033366,0.523386755,0.338521518,0.598311328,0.978203286,1.50773811,1.073008439,0,0,0,1,0,1,3,1,1,0,1,1,1,0,0
193,0.116733147,0.675747595,-1.040199167,-0.400357492,-0.105428406,0.228198313,0.330623952,1.148167174,1.583701006,1.102244344,1.340513257,1.426067046,-0.050055502,0.410213432,0.754593424,0,0,0,1,0,3,3,1,1,0,0,1,1,1,0
194,0.116733147,-0.64950497,-0.114585656,-0.67447664,0.549849686,0.115837413,0.330623952,-0.029781282,-0.200487898,-0.07959935,0.129134155,0.001027714,0.292697427,-0.138548907,-0.091812539,2,2,1,0,1,2,2,1,1,0,1,1,1,0,1
195,0.116733147,0.344434454,-0.546446442,-0.158567267,-0.105428406,1.464168213,0.768206512,0.894067682,0.336611724,0.335320612,0.211338525,0.623799668,0.292697427,-0.138548907,0.849527146,2,0,0,0,0,3,2,1,1,0,1,0,1,0,1
196,0.116733147,0.344434454,-0.546446442,-0.400357492,0.877488733,0.228198313,-0.544541169,1.100486214,-1.228651711,0.363470712,-0.374054254,0.275872114,1.663709145,1.50773811,1.395568808,0,0,0,2,0,1,2,1,1,1,1,0,0,0,0
197,0.116733147,0.344434454,-0.546446442,-0.400357492,-0.433067452,-0.221245287,0.768206512,0.028622164,0.832361973,0.989300411,0.011501392,0.640500584,-0.392808432,-0.138548907,0.941186631,2,0,0,0,0,2,2,1,1,1,1,1,1,1,1
198,0.116733147,0.344434454,-1.040199167,-1.365201729,0.549849686,-0.108884387,0.111832672,0.102493334,-0.283989385,-0.836500823,-0.966373932,-0.027325839,1.320956216,0.958975771,0.754593424,2,0,1,1,0,1,2,1,1,1,1,0,0,1,1
199,0.116733147,0.344434454,-1.040199167,-0.990923974,-0.105428406,0.228198313,-0.325749889,0.445598822,0.498807602,-0.153278256,-0.185671386,0.462205699,1.320956216,0.958975771,1.115535133,0,0,0,1,0,1,2,1,1,1,1,0,1,0,0
200,0.116733147,0.344434454,-0.784498276,-0.67447664,-0.105428406,-0.783049787,-0.763332449,-1.047861754,-0.469302788,-0.484031741,-0.793409534,-0.373281193,-0.392808432,-1.236073586,0.279655369,0,0,0,0,0,2,0,2,1,1,0,1,1,1,0
201,0.116733147,-0.318191829,0.082632766,-0.400357492,0.549849686,0.902363713,0.549415232,0.664217427,0.3694366,-0.72826602,-0.966373932,0.158555917,1.320956216,1.50773811,1.880154284,2,1,0,0,1,1,0,2,1,1,0,1,0,0,1
202,0.116733147,0.344434454,-0.784498276,-0.990923974,0.549849686,0.228198313,-0.982123729,0.830425128,0.11189931,0.523386755,-0.051210083,0.471767692,1.320956216,0.958975771,1.073008439,0,0,1,1,0,3,0,2,1,1,1,1,0,0,0
203,0.116733147,0.344434454,-0.323763823,0.05772146,0.877488733,-0.445967087,-2.07608013,1.033956865,0.781665223,1.208268879,0.80972933,0.824873494,-0.392808432,-1.236073586,0.161508734,2,1,1,1,1,2,0,2,1,0,1,0,1,1,0
204,2.362456538,0.013121313,-1.040199167,-1.365201729,0.877488733,-1.007771587,-1.41970629,0.879664682,1.115120272,0.847486063,0.583521787,0.665130671,-0.392808432,-0.138548907,0.754593424,0,0,0,1,0,1,3,1,1,0,0,0,1,1,0
205,0.116733147,0.344434454,-1.040199167,-0.67447664,0.22221064,0.228198313,0.986997792,-0.899991313,0.021656336,-0.626401759,-1.312186784,0.146178675,1.320956216,1.50773811,1.880154284,0,0,1,1,0,1,1,2,1,0,1,1,0,1,0
206,0.116733147,0.344434454,-0.784498276,-0.990923974,0.877488733,0.115837413,-1.200915009,1.201598544,0.626973889,0.573569776,-0.083643141,0.554609594,0.635450357,0.958975771,1.648890081,0,0,0,1,0,2,3,2,1,0,1,1,0,1,0
207,0.116733147,0.344434454,-0.323763823,-0.400357492,0.877488733,-0.108884387,0.768206512,-0.30743784,-0.809759996,-1.510739495,-1.16354671,-0.9462851,1.320956216,0.410213432,0.161508734,2,1,1,1,1,1,3,2,1,1,1,1,1,0,1
208,0.116733147,0.344434454,-0.323763823,-0.158567267,0.22221064,-0.108884387,0.549415232,-1.140900437,0.095956463,-0.07959935,0.263595457,0.21862461,-0.050055502,-0.138548907,0.221238476,2,1,1,1,1,2,3,2,1,1,1,1,1,0,1
209,2.362456538,0.013121313,-0.784498276,-0.67447664,0.549849686,-0.895410687,-0.763332449,0.575141234,0.915471995,0.669771912,-0.185671386,0.712946519,0.292697427,0.958975771,1.318523945,0,0,0,1,0,1,3,2,1,0,1,1,1,1,0
210,0.116733147,0.344434454,-0.323763823,0.431999215,-0.760706498,-0.670688887,0.330623952,-0.732349634,-0.685964563,-1.07566572,-0.84874117,-0.802690167,0.292697427,-0.138548907,0.279655369,2,1,1,1,1,2,3,2,1,0,0,1,1,0,1
211,0.116733147,0.344434454,-0.784498276,-0.400357492,-0.105428406,0.228198313,0.768206512,-0.039784903,-0.048204864,-0.270032128,-0.906331855,-0.101236215,1.663709145,0.958975771,1.783494117,0,0,1,1,0,3,3,1,1,0,1,0,1,1,0
212,2.362456538,0.013121313,-2.715387102,0.596314425,0.22221064,-0.445967087,-0.325749889,0.784395414,-2.187613712,-2.47954242,-3.119297358,-2.908427848,-0.050055502,-0.138548907,-0.091812539,0,0,0,1,0,1,3,1,1,1,0,0,1,1,0
213,0.116733147,0.344434454,-0.784498276,0.05772146,-1.415984591,-0.445967087,-0.325749889,-1.140900437,-1.162822786,-1.684003276,-0.906331855,-0.9462851,0.978203286,0.958975771,-0.15910377,2,1,1,1,1,1,2,1,1,0,1,0,1,1,1
214,0.116733147,0.344434454,-0.784498276,-0.400357492,1.205127779,0.677641913,-0.325749889,0.874826728,0.457116332,-0.116046864,-0.545267224,0.264635649,1.320956216,1.50773811,1.279147497,0,0,0,1,0,1,2,1,1,0,1,0,0,0,0
215,0.116733147,0.344434454,-0.784498276,0.05772146,-0.760706498,-1.007771587,1.424580353,-0.804109033,-2.941968922,-4.381452304,-3.267937433,-3.6098818,0.292697427,0.410213432,1.614146297,2,1,1,1,1,0,3,1,1,0,0,0,1,0,1
216,0.116733147,0.344434454,-0.784498276,-0.990923974,0.877488733,0.115837413,0.768206512,0.479258954,-1.228651711,-2.47954242,-3.434102899,-1.620943516,6.462250158,-0.687311247,1.750476777,0,0,1,1,0,0,3,1,1,1,1,0,0,1,0
217,0.116733147,-1.312131253,0.269185389,-0.67447664,-0.105428406,-1.007771587,-0.982123729,-0.841587867,-1.20633145,-0.67658478,-0.374054254,-1.33834308,-0.735561361,-1.784835925,-1.804424348,2,1,0,1,1,1,3,1,1,0,1,0,1,0,1
218,-2.128990245,0.675747595,-0.784498276,-0.67447664,-0.433067452,-0.108884387,-0.763332449,0.047501433,-0.481823693,0.091946126,-0.051210083,-0.41198755,-0.392808432,-0.138548907,-0.371846214,2,1,1,1,1,2,3,1,1,0,0,0,1,0,1
219,0.116733147,-1.312131253,0.269185389,-0.67447664,-0.433067452,-1.007771587,-1.200915009,-1.379490241,-0.859445529,-0.577632535,0.100632662,-0.69887021,-0.392808432,-1.236073586,-0.769280877,2,1,1,0,1,2,2,1,1,1,1,0,1,0,2
220,-2.128990245,-0.980818112,0.269185389,-0.67447664,-0.433067452,0.115837413,-0.982123729,-0.841587867,0.079813072,0.868470477,1.107009479,0.275872114,-0.735561361,-0.687311247,-0.946537324,2,2,1,0,1,3,3,1,1,1,1,0,1,0,1
221,0.116733147,-1.312131253,0.082632766,-0.67447664,0.22221064,-1.007771587,-1.200915009,-1.534681097,-0.160689898,0.497738983,0.477398398,-0.05635454,-1.078314291,-0.687311247,-0.85643169,2,1,0,0,1,2,2,0,1,0,1,0,1,0,2
222,0.116733147,0.344434454,-0.323763823,-0.158567267,1.205127779,0.677641913,0.986997792,-0.122819965,-0.273249718,-0.484031741,-1.029085407,-0.603201709,1.320956216,0.410213432,0.221238476,2,0,1,1,0,1,2,0,1,0,1,1,1,0,1
223,-2.128990245,-0.980818112,0.269185389,-0.67447664,-0.433067452,-0.445967087,-0.763332449,-1.190139991,-0.305742154,-0.116046864,0.28901553,-0.147833524,-1.078314291,-1.236073586,-0.523765371,2,2,1,1,1,3,2,0,1,0,1,1,1,0,1
224,0.116733147,-0.980818112,-0.114585656,-0.400357492,-0.433067452,0.115837413,-1.200915009,-1.025640861,-0.305742154,0.156071715,0.100632662,-0.212870161,-1.078314291,-1.236073586,-0.946537324,2,2,1,1,1,3,3,0,1,0,1,1,1,0,1
225,0.116733147,0.344434454,0.614511657,0.596314425,-1.088345545,-1.569576087,-0.325749889,-1.379490241,-1.50382162,-0.484031741,-0.591526315,-1.425462121,-2.106573079,-2.333598264,-1.562633947,2,2,1,0,0,2,3,1,0,0,0,0,1,0,1
226,0.116733147,0.344434454,-0.784498276,-0.990923974,0.877488733,0.677641913,0.986997792,-0.270690406,-0.520136468,-1.141001511,-1.569401639,-0.749675387,1.320956216,0.958975771,1.848323225,0,0,0,2,0,3,3,1,0,0,1,0,1,1,0
227,0.116733147,0.675747595,-1.316377168,-1.823280681,1.532766825,1.014724613,0.986997792,0.531305689,-0.456902859,-1.35324979,-1.392824496,-0.19628286,1.663709145,2.605262789,1.848323225,0,0,0,1,0,3,3,1,0,0,1,0,0,1,0
228,0.116733147,1.66968702,1.07524611,1.767554145,0.549849686,0.228198313,1.643371633,-0.411038669,-2.572762741,-2.795176219,-2.006960731,-1.297012076,-0.392808432,0.410213432,0.895751992,2,1,1,1,1,3,3,1,0,0,1,1,1,1,2
229,0.116733147,1.338373878,0.614511657,0.890078166,1.860405871,0.677641913,1.643371633,0.084429027,-0.210633268,-1.510739495,-1.47835225,-0.132102366,0.978203286,1.50773811,2.033830705,0,0,0,1,0,3,3,1,1,1,1,1,0,0,0
230,0.116733147,1.007060737,0.77502353,1.264355922,0.877488733,-0.108884387,0.768206512,-0.494766202,-0.408467577,-0.577632535,-0.688859794,-0.264030724,0.292697427,0.410213432,0.221238476,2,0,1,0,1,3,3,0,0,0,0,1,1,0,1
231,0.116733147,0.344434454,0.614511657,0.431999215,-0.760706498,-0.445967087,0.549415232,-0.234988066,-0.469302788,-0.270032128,-0.221389138,-0.317432596,-0.392808432,-0.687311247,0.161508734,2,0,1,0,0,0,3,0,1,0,0,0,1,0,1
232,0.116733147,-0.318191829,0.928399138,0.431999215,-0.105428406,-0.445967087,-0.106958609,-0.538821518,-1.040503355,-0.530199623,-0.740166389,-1.041331745,-1.763820149,-2.333598264,-0.684897229,0,0,1,0,0,0,3,0,0,0,1,1,1,1,0
233,0.116733147,1.66968702,1.07524611,1.480644648,-0.433067452,-0.108884387,2.299745473,0.389791959,0.336611724,-0.008928599,-0.500476926,0.319810125,2.006462075,-0.138548907,1.750476777,0,0,1,1,0,3,3,0,0,0,1,1,1,1,0
234,0.116733147,0.344434454,1.607125002,1.264355922,0.22221064,-0.445967087,-0.544541169,-0.732349634,-0.74637019,-1.208900134,-1.029085407,-0.451963191,1.320956216,0.958975771,-0.85643169,0,0,0,1,0,0,3,0,0,0,1,1,0,1,0
235,0.116733147,0.344434454,1.607125002,0.890078166,-0.105428406,0.115837413,-0.325749889,0.277957143,0.719048772,0.598126116,0.362637932,0.76646003,0.978203286,-0.138548907,-0.026182991,2,0,0,0,0,0,3,0,0,0,0,0,1,1,2
236,2.362456538,2.994939585,0.269185389,0.748446548,0.549849686,0.677641913,-0.763332449,1.140345045,1.376606434,0.277608835,-0.414949172,0.38288356,2.006462075,0.958975771,1.239178899,0,0,0,1,0,0,3,0,0,0,1,0,1,1,0
237,0.116733147,0.013121313,-0.114585656,-0.158567267,-0.105428406,-1.007771587,-0.325749889,-0.600075018,-0.004098027,0.124305815,-0.185671386,0.082334359,-0.392808432,-1.236073586,-0.22814302,0,0,1,0,0,0,3,0,0,0,1,1,1,1,0
238,0.116733147,-0.980818112,0.446166902,1.022565697,-1.415984591,-1.007771587,0.986997792,-1.637926728,-1.891763648,-2.093237869,-1.666735118,-1.853868094,-0.392808432,-0.138548907,-1.136465365,0,0,0,1,0,1,2,0,0,0,1,0,1,1,0
239,0.116733147,-0.318191829,0.082632766,2.24340675,7.430269657,0.115837413,-0.106958609,-0.466232071,-0.573066966,-0.116046864,-0.083643141,-0.5144973,-0.392808432,-0.687311247,-2.070432336,0,0,1,1,0,0,3,1,1,0,0,1,1,0,0
240,0.116733147,0.013121313,0.77502353,0.431999215,0.549849686,1.014724613,0.768206512,-0.411038669,-0.507238042,-1.012706309,-1.666735118,-1.569057054,-0.735561361,-0.138548907,-1.341017165,0,0,1,1,0,1,3,1,1,0,1,0,1,0,0
241,0.116733147,-0.64950497,1.07524611,0.431999215,0.549849686,-0.108884387,-0.544541169,-0.438332085,0.063464028,0.523386755,0.28901553,-0.317432596,-0.392808432,-0.138548907,-1.039805198,0,0,1,1,0,1,3,1,1,0,1,0,1,0,0
242,0.116733147,1.007060737,0.446166902,0.431999215,0.877488733,-0.445967087,0.768206512,-0.091034782,-0.6424559,-0.153278256,-0.374054254,-0.626424275,0.292697427,-0.138548907,-0.85643169,2,0,0,0,1,1,3,1,1,1,1,0,1,0,2
243,0.116733147,0.344434454,-0.323763823,-0.67447664,-0.760706498,-0.445967087,-0.106958609,0.009454651,-0.231167829,-0.577632535,-1.392824496,-0.373281193,1.663709145,0.410213432,-0.22814302,0,0,0,1,0,1,3,0,1,1,1,1,1,1,0
244,0.116733147,0.344434454,0.614511657,0.431999215,0.22221064,-0.108884387,-0.544541169,-0.000239974,0.704154416,1.138312169,1.019717152,0.736169084,0.292697427,-1.236073586,-0.22814302,2,1,1,1,1,1,3,0,1,0,1,1,1,0,1
245,0.116733147,0.344434454,0.614511657,0.596314425,-0.105428406,0.228198313,0.768206512,-0.371179839,0.046904022,-0.230232835,-0.688859794,0.001027714,0.292697427,-0.138548907,-0.22814302,0,0,0,1,0,0,3,0,1,0,1,1,1,1,0
246,0.116733147,0.675747595,1.728203497,1.480644648,0.877488733,-0.445967087,1.643371633,0.102493334,-0.241559648,-1.012706309,-2.141422034,-1.218330078,1.320956216,1.50773811,0.802484118,0,0,0,1,0,1,3,0,1,0,1,0,0,1,0
247,0.116733147,0.344434454,0.77502353,0.253378412,-0.105428406,-0.445967087,0.330623952,0.038097286,-0.170524296,-0.836500823,-0.906331855,-0.830087901,0.635450357,-0.138548907,0.161508734,1,0,1,1,0,2,3,0,1,0,1,0,1,0,1
248,0.116733147,0.344434454,0.614511657,0.596314425,1.205127779,0.115837413,1.643371633,-0.438332085,-1.298040644,-1.981509234,-3.434102899,-2.908427848,2.006462075,1.50773811,0.392772937,0,0,1,1,0,0,3,0,1,0,1,0,0,0,0
249,0.116733147,0.675747595,-0.546446442,-0.158567267,-0.760706498,-1.232493387,1.643371633,-2.060350022,-2.51014629,-2.47954242,-2.456227574,-2.316522045,-0.392808432,0.410213432,-0.603110417,1,0,0,0,0,0,3,0,0,0,0,0,1,0,1
250,0.116733147,0.344434454,-0.323763823,-0.158567267,0.549849686,-0.445967087,0.768206512,-1.070483045,-2.393394688,-2.47954242,-2.456227574,-2.414105939,0.292697427,0.958975771,-0.091812539,2,0,0,0,0,0,3,1,1,1,0,0,1,0,1
251,0.116733147,0.344434454,0.614511657,0.596314425,0.877488733,0.677641913,-0.106958609,0.009454651,-0.793616605,-1.012706309,-1.666735118,-0.9462851,1.320956216,0.958975771,0.802484118,1,0,1,1,0,1,3,1,1,1,1,0,1,1,1
252,0.116733147,0.675747595,-0.546446442,-0.158567267,-0.105428406,-0.895410687,-0.325749889,-0.11213524,-1.651499602,-1.981509234,-2.862082503,-2.520185671,0.978203286,0.958975771,0.161508734,0,0,0,2,0,1,2,1,0,0,1,0,1,1,0
253,2.362456538,1.007060737,1.958314285,1.9387236,0.549849686,-0.783049787,-0.106958609,-0.615867021,-0.520136468,-0.270032128,-0.591526315,-0.41198755,0.635450357,-0.138548907,0.161508734,2,1,1,0,1,0,3,1,1,0,0,0,1,0,1
254,0.116733147,1.007060737,-0.784498276,0.596314425,-0.760706498,-1.569576087,-1.200915009,-0.982345271,-1.651499602,-0.395233149,-0.740166389,-1.33834308,-1.078314291,-1.236073586,-1.341017165,2,1,1,0,1,0,3,1,0,0,0,0,1,0,1
255,0.116733147,0.344434454,0.77502353,0.748446548,-1.415984591,0.677641913,0.549415232,0.293456694,0.469166962,0.248015072,0.041841827,0.35175469,-0.050055502,-0.138548907,0.44757615,0,0,0,1,0,2,1,2,1,1,1,1,1,1,0
256,0.116733147,-0.318191829,0.082632766,0.596314425,-0.105428406,0.677641913,0.111832672,-0.258676461,-0.241559648,0.669771912,1.092830707,0.433061335,-0.392808432,-0.138548907,-0.603110417,2,1,1,0,1,3,3,0,1,1,1,1,1,0,2
257,0.116733147,0.344434454,0.614511657,0.748446548,-1.088345545,0.228198313,-0.325749889,-0.070283108,0.268330587,0.363470712,0.041841827,0.319810125,-0.050055502,-0.138548907,0.100405775,1,0,1,0,0,3,1,0,0,0,1,1,1,0,1
258,-2.128990245,0.675747595,1.845176836,1.375347505,0.549849686,0.677641913,-0.544541169,0.047501433,0.621659668,0.471705515,0.071543469,0.623799668,-0.392808432,-0.138548907,0.553904795,1,0,0,1,0,3,2,1,1,0,1,1,1,0,1
259,-2.128990245,0.675747595,1.845176836,1.375347505,-1.088345545,-0.445967087,-1.200915009,-0.091034782,0.316506102,0.693009751,0.071543469,0.341199232,-0.392808432,-0.138548907,0.553904795,2,2,0,1,1,2,3,1,1,1,1,1,1,0,1
260,0.116733147,0.344434454,1.607125002,1.147018602,1.205127779,0.677641913,-0.106958609,-0.188911419,0.64801342,0.02535357,-1.884207179,-0.373281193,1.663709145,1.50773811,1.683185546,0,0,0,2,0,2,3,1,1,1,1,1,0,1,0
261,-2.128990245,0.675747595,-0.323763823,0.05772146,-0.433067452,-0.445967087,-1.200915009,0.120301402,-0.273249718,-0.153278256,-0.051210083,0.393085694,0.978203286,0.410213432,0.941186631,1,0,1,1,0,3,3,1,1,1,1,1,1,0,1
262,0.116733147,-0.318191829,0.928399138,1.022565697,-0.105428406,-0.895410687,-0.763332449,-0.961244813,0.336611724,-0.008928599,-0.258034728,0.298039049,0.292697427,0.410213432,0.754593424,0,0,1,1,0,2,3,1,1,1,1,1,1,1,0
263,0.116733147,0.344434454,0.614511657,0.890078166,-0.433067452,-1.569576087,-0.763332449,-1.534681097,-0.928834463,-0.230232835,-0.33431146,-0.916181155,-1.763820149,-1.236073586,-1.136465365,2,2,1,0,1,1,3,1,1,1,0,0,1,0,1
264,0.116733147,0.344434454,0.77502353,1.147018602,-0.433067452,-1.569576087,-0.544541169,-1.439284765,-1.346475927,-0.530199623,0.011501392,-0.603201709,-0.392808432,-0.138548907,-0.85643169,2,2,1,0,1,1,3,1,1,1,0,0,1,0,1
265,0.116733147,-0.318191829,0.928399138,1.022565697,-1.088345545,-1.120132487,-1.200915009,-0.880220075,0.469166962,0.782962086,1.134946548,0.606866787,-0.392808432,-0.138548907,-0.946537324,2,2,1,0,1,1,1,1,0,0,0,0,1,0,1
266,0.116733147,-0.64950497,0.269185389,0.253378412,-0.105428406,-1.007771587,-0.763332449,-1.093519429,-1.040503355,-0.67658478,-0.051210083,-0.373281193,-0.735561361,-1.236073586,-0.684897229,1,2,1,1,1,2,3,0,1,1,1,0,1,0,1
267,0.116733147,-0.64950497,0.269185389,0.596314425,-0.105428406,-0.445967087,-0.982123729,-1.379490241,-1.274491678,-1.141001511,-0.374054254,-1.008819209,-0.735561361,-0.138548907,-0.684897229,2,2,1,0,1,1,1,1,0,0,1,0,1,0,1
268,0.116733147,-0.980818112,1.216097628,1.147018602,0.22221064,-1.007771587,-0.325749889,-0.767716697,0.055210734,0.248015072,0.861035925,0.362219543,-0.392808432,-0.138548907,-0.523765371,2,2,1,0,1,1,1,1,0,0,1,0,1,0,1
269,0.116733147,0.013121313,1.728203497,1.767554145,-0.760706498,-1.794297887,-0.982123729,-1.568161686,-0.82610904,-0.352485472,0.28901553,-0.493294195,-0.735561361,-0.687311247,-1.562633947,2,2,1,0,1,2,3,1,1,0,1,0,1,0,1
270,-2.128990245,-0.64950497,0.446166902,0.431999215,1.205127779,-0.445967087,-1.41970629,-0.452204577,0.013128845,0.217906609,0.643563864,0.182939687,-0.392808432,-0.687311247,0.44757615,2,2,1,1,1,2,3,1,1,0,1,0,1,0,1
271,0.116733147,-0.980818112,0.446166902,0.748446548,-0.433067452,-0.783049787,-0.325749889,-0.982345271,-0.6424559,-0.352485472,0.263595457,-0.132102366,-0.392808432,-0.138548907,-0.946537324,2,2,1,1,1,2,1,1,0,0,1,1,1,0,1
272,0.116733147,0.344434454,1.607125002,1.580803255,-0.105428406,0.677641913,0.111832672,0.213971439,0.382335026,0.445274574,0.184465791,0.527616289,-0.392808432,-0.138548907,0.392772937,1,0,0,1,0,3,1,1,0,0,1,1,1,0,1
273,-2.128990245,0.675747595,-0.323763823,0.890078166,-0.433067452,-1.007771587,-0.982123729,-1.24138987,-0.793616605,-0.439063161,-0.221389138,-0.580413236,-0.735561361,-0.687311247,-0.946537324,0,0,1,1,0,1,1,1,0,0,1,1,1,0,1
274,0.116733147,0.675747595,0.446166902,1.375347505,1.205127779,-1.007771587,-0.544541169,-1.534681097,-2.010313964,-1.141001511,-0.84874117,-1.218330078,-1.42106722,-0.687311247,-1.341017165,2,2,0,0,1,0,3,1,0,0,1,0,1,0,1
275,0.116733147,-0.318191829,0.082632766,1.022565697,-1.088345545,-1.569576087,-0.325749889,-2.011110468,-1.651499602,-1.43020437,-0.740166389,-1.731851562,-0.392808432,-0.687311247,-1.804424348,2,2,0,0,1,0,3,1,0,0,1,0,1,0,1
276,0.116733147,0.675747595,-0.546446442,-0.158567267,-0.105428406,-0.221245287,0.111832672,0.038097286,0.030127539,-0.439063161,0.157071224,0.230291185,0.292697427,1.50773811,0.501272151,2,2,1,0,1,1,2,1,0,0,1,0,1,0,1
277,0.116733147,0.344434454,-0.784498276,0.253378412,-0.105428406,-1.007771587,-0.325749889,-1.190139991,-1.141609367,-0.72826602,-0.185671386,-0.674240123,-0.735561361,-1.236073586,-0.523765371,2,2,1,0,1,1,2,1,0,0,0,0,1,0,1
278,0.116733147,-1.312131253,0.269185389,0.431999215,-0.760706498,-0.108884387,0.768206512,-1.637926728,-0.614248552,-0.31076796,0.28901553,-0.373281193,-0.735561361,-1.236073586,-1.136465365,2,2,0,0,1,2,3,1,1,1,1,0,1,0,2
279,0.116733147,0.344434454,0.614511657,0.596314425,0.22221064,-0.895410687,-1.200915009,-0.345293402,0.203608505,-0.07959935,1.078507987,-0.626424275,-1.42106722,-1.236073586,-1.236773936,2,2,0,0,1,1,3,1,1,1,0,0,1,0,1
280,0.116733147,-0.64950497,0.269185389,0.253378412,0.877488733,0.677641913,-0.325749889,-0.452204577,-0.048204864,0.847486063,0.338521518,0.001027714,-0.392808432,-0.687311247,-0.85643169,2,2,0,0,1,1,3,1,1,0,1,0,1,0,1
281,0.116733147,-0.64950497,-0.546446442,-0.990923974,-0.105428406,-0.445967087,-0.325749889,-0.466232071,0.407749375,0.156071715,0.100632662,0.545678068,0.292697427,-0.138548907,0.100405775,2,2,0,0,1,2,3,1,1,0,0,0,1,0,1
282,0.116733147,0.344434454,1.845176836,1.676301601,-0.433067452,-0.445967087,-0.325749889,-1.093519429,-0.131630936,0.091946126,0.129134155,0.170808762,-0.050055502,-0.138548907,0.100405775,2,2,0,0,1,3,3,1,1,0,1,1,1,0,1
283,0.116733147,0.344434454,0.614511657,0.596314425,0.22221064,0.677641913,0.986997792,-0.223309398,0.498807602,0.091946126,0.432608101,0.656975806,1.663709145,0.410213432,-0.026182991,1,0,0,1,0,1,3,1,1,0,1,0,1,0,1
284,0.116733147,0.344434454,-0.323763823,0.596314425,0.549849686,-2.468463288,-0.982123729,-2.165031271,-1.683189673,-0.893266334,-1.392824496,-1.989468586,-1.42106722,-1.236073586,-0.026182991,2,2,1,0,1,0,3,1,0,0,0,0,1,0,1
285,-2.128990245,0.344434454,1.958314285,1.854922404,0.877488733,-0.221245287,-0.106958609,0.163746833,0.071664584,-0.31076796,-0.051210083,-0.163770324,0.635450357,-0.138548907,-0.15910377,0,0,0,1,0,2,3,1,1,0,1,1,1,1,0
286,0.116733147,0.344434454,0.614511657,0.431999215,0.22221064,-1.232493387,-1.41970629,-0.920078905,-0.339078643,0.363470712,0.477398398,-0.335765992,-0.735561361,-0.687311247,-1.039805198,2,2,1,0,1,1,3,1,0,0,1,0,1,0,1
287,0.116733147,0.344434454,0.614511657,0.431999215,0.22221064,-1.007771587,-1.200915009,-0.804109033,0.196211466,0.889203575,1.175841466,0.490669587,-0.392808432,-0.687311247,-0.946537324,2,2,0,0,1,2,3,0,1,0,1,0,1,0,1
288,0.116733147,0.675747595,-1.040199167,-1.365201729,0.549849686,1.801250913,-0.325749889,1.112577297,1.150871404,0.573569776,0.071543469,1.07534007,1.663709145,0.958975771,1.816106325,0,0,0,2,0,3,3,1,1,1,1,1,0,1,0
289,0.116733147,-0.980818112,1.216097628,0.890078166,0.22221064,-0.445967087,-0.982123729,-1.116986425,-0.842669046,-0.191327985,-0.374054254,-1.041331745,-0.392808432,-1.236073586,-2.21413553,2,2,1,0,1,1,3,1,0,0,1,1,1,0,1
290,0.116733147,-0.64950497,0.269185389,0.253378412,1.205127779,-1.569576087,-0.106958609,-1.602559665,-0.983454734,-0.836500823,-0.966373932,-1.425462121,-0.392808432,-0.687311247,-0.684897229,2,2,0,0,1,1,3,1,0,0,1,1,1,0,1
291,0.116733147,0.013121313,-0.114585656,0.253378412,1.205127779,-1.569576087,-1.200915009,-1.409031549,-0.65679552,-0.31076796,0.071543469,-0.724008169,-0.392808432,-0.687311247,-1.680780582,2,2,1,0,0,0,3,1,0,0,1,1,1,0,1
292,0.116733147,0.344434454,0.77502353,0.596314425,0.549849686,-1.569576087,-0.982123729,-1.409031549,-0.74637019,-0.230232835,-0.33431146,-0.650097793,-1.42106722,-1.236073586,-1.039805198,2,2,1,0,1,0,3,1,0,0,0,0,1,0,1
293,0.116733147,0.344434454,0.614511657,0.431999215,0.549849686,-2.019019687,-1.85728885,-1.190139991,-1.298040644,-0.395233149,-0.374054254,-1.024967099,-1.078314291,-0.687311247,-1.039805198,2,2,1,0,1,0,3,1,0,0,0,0,1,0,1
294,0.116733147,0.344434454,-0.323763823,0.253378412,1.205127779,0.003476513,-0.982123729,-0.538821518,-0.38491861,-0.352485472,-0.457065012,-0.335765992,-0.735561361,-1.236073586,-0.446720508,2,2,0,0,1,2,3,1,0,0,1,0,1,0,1
295,0.116733147,0.344434454,-0.323763823,0.253378412,1.205127779,-1.344854287,0.986997792,-1.674319064,-3.030513177,-3.412649379,-3.839957828,-4.598525618,-1.078314291,-1.236073586,0.037864968,2,2,0,0,1,0,3,1,0,0,1,0,1,0,1
296,0.116733147,0.344434454,-0.323763823,0.253378412,1.205127779,-1.569576087,-0.106958609,-1.831454844,-2.393394688,-3.181480769,-2.006960731,-2.520185671,-1.763820149,-1.236073586,-1.449516379,2,2,0,0,1,0,3,1,0,0,1,0,1,0,1
297,0.116733147,0.344434454,-0.323763823,0.253378412,1.205127779,-1.569576087,-0.982123729,-1.439284765,-0.685964563,0.217906609,0.520810312,-0.5144973,-1.42106722,-1.784835925,-1.804424348,2,2,1,0,1,1,2,1,1,0,1,0,1,0,1
298,0.116733147,0.344434454,0.614511657,0.596314425,1.205127779,-2.468463288,-1.200915009,-1.750430106,-2.450443309,-1.684003276,-1.16354671,-1.989468586,-2.106573079,-1.236073586,-1.449516379,2,2,1,0,1,0,3,1,0,0,0,0,1,0,1
299,0.116733147,0.344434454,0.614511657,0.596314425,-0.105428406,1.801250913,3.174910594,-0.804109033,-0.220859479,-0.484031741,0.071543469,-0.335765992,-0.392808432,-0.138548907,-0.769280877,2,2,1,1,1,3,2,1,0,0,1,0,1,0,1
300,0.116733147,0.344434454,-0.323763823,0.253378412,1.205127779,-1.569576087,0.549415232,-2.404891128,-2.236048995,-1.684003276,-1.569401639,-2.414105939,-0.735561361,-1.236073586,-0.523765371,2,2,1,0,1,1,2,1,0,0,0,0,1,0,1
301,0.116733147,0.344434454,0.614511657,1.147018602,-1.415984591,-1.569576087,0.111832672,-1.874016469,-1.854561546,-0.951956463,-0.591526315,-1.47147316,-0.735561361,-0.687311247,-1.934101855,2,2,1,0,1,2,2,1,0,0,0,1,1,0,1
302,0.116733147,0.675747595,-0.546446442,0.253378412,1.205127779,-2.243741487,-0.544541169,-2.060350022,-1.322029804,-1.012706309,-0.906331855,-1.041331745,-1.42106722,-1.784835925,-1.039805198,2,2,1,0,1,1,2,1,0,0,1,0,1,0,1
303,0.116733147,0.344434454,0.77502353,0.890078166,0.22221064,0.115837413,0.768206512,-0.438332085,-0.252036299,-0.07959935,0.583521787,0.230291185,-0.050055502,-1.784835925,-0.684897229,2,2,1,1,1,3,2,1,0,0,1,0,1,0,1
304,0.116733147,0.344434454,0.614511657,1.022565697,0.22221064,-0.445967087,0.768206512,-0.899991313,-0.964988478,-0.395233149,0.129134155,-0.451963191,-0.050055502,-1.236073586,-1.039805198,2,2,1,0,1,2,2,1,0,0,1,0,1,0,1
305,0.116733147,-0.64950497,0.269185389,0.253378412,0.877488733,-1.569576087,0.111832672,-1.750430106,-2.781336716,-2.47954242,-2.456227574,-3.259154824,-1.078314291,-0.687311247,-1.236773936,2,2,1,0,1,1,2,1,0,0,0,0,1,0,1
306,0.116733147,-0.980818112,0.446166902,0.253378412,0.877488733,-1.569576087,-0.106958609,-1.568161686,-1.060097364,-0.395233149,0.184465791,-0.802690167,-0.735561361,-0.687311247,-1.562633947,2,2,1,0,1,0,2,1,0,0,0,0,1,0,1
307,2.362456538,0.675747595,0.269185389,0.596314425,0.877488733,-1.906658787,-0.544541169,-2.011110468,-1.715682108,-1.35324979,-0.966373932,-0.451963191,-1.42106722,-1.784835925,-1.039805198,2,2,0,0,1,0,2,1,0,0,1,1,1,0,1
308,0.116733147,-0.980818112,0.446166902,0.253378412,0.877488733,-2.693185088,-0.544541169,-1.918071785,-1.715682108,-1.35324979,-1.029085407,-1.91978403,-1.42106722,-0.138548907,-1.136465365,2,2,1,0,1,1,1,1,0,0,1,0,1,0,1
309,0.116733147,-0.318191829,0.928399138,0.596314425,0.877488733,-1.007771587,-0.325749889,-0.631860201,0.021656336,0.715939794,0.877731693,0.095373498,-0.392808432,-0.687311247,-1.136465365,2,2,1,0,1,0,2,1,0,0,0,1,1,0,1
310,0.116733147,0.344434454,-0.323763823,0.253378412,0.549849686,-1.344854287,-1.41970629,-1.96372946,-1.449201349,-1.208900134,-0.591526315,-1.257036435,-0.392808432,-0.687311247,-1.039805198,2,2,1,0,1,0,2,1,0,0,1,0,1,0,1
311,2.362456538,6.970697282,-1.040199167,2.096712629,-2.726540776,0.677641913,0.768206512,2.043467694,0.668713589,0.3067052,0.237708935,0.413237356,1.320956216,1.50773811,0.161508734,0,0,0,1,0,3,3,0,1,1,1,0,1,1,0
312,0.116733147,-0.318191829,2.474256044,2.019237614,0.549849686,0.452920113,-0.325749889,0.353609406,0.977483219,0.124305815,-0.051210083,0.656975806,1.320956216,0.958975771,1.433269606,0,0,0,2,0,2,3,0,1,1,1,1,1,1,0
313,0.116733147,-0.318191829,0.928399138,0.890078166,1.532766825,0.677641913,-0.106958609,0.270135014,0.594753385,0.622339,0.827039681,0.74381267,-0.392808432,0.410213432,0.037864968,1,0,1,1,0,1,2,1,0,0,0,1,1,0,1
314,2.362456538,2.001000161,3.166646809,2.24340675,-2.398901729,0.452920113,1.862162913,0.431877946,0.57833462,0.277608835,0.386349009,0.803295093,-0.050055502,0.410213432,0.553904795,0,0,0,1,0,2,2,1,0,0,0,0,1,1,0
315,0.116733147,2.001000161,-0.323763823,0.748446548,0.549849686,1.239446413,1.643371633,1.481743601,1.939627425,0.124305815,0.263595457,0.887407603,0.635450357,0.410213432,1.029790224,2,2,1,1,1,3,1,1,0,0,1,1,1,0,1
316,0.116733147,0.344434454,2.277037622,2.019237614,-0.105428406,1.239446413,1.424580353,0.120301402,-0.048204864,-0.31076796,-0.01950592,-0.013066637,-0.392808432,-0.687311247,0.279655369,0,0,1,1,0,2,2,1,0,0,0,1,1,1,0
317,0.116733147,2.332313302,2.474256044,2.019237614,-1.743623637,1.801250913,0.768206512,1.715610856,0.915471995,0.573569776,0.562926153,1.057798072,0.978203286,0.958975771,1.239178899,0,0,1,1,0,3,1,1,0,0,0,1,1,0,0
318,0.116733147,2.663626444,2.660808667,2.380313754,-1.088345545,2.587777214,1.643371633,2.202961755,0.889803486,0.418433835,-0.051210083,0.97872337,1.320956216,2.056500449,1.543265785,0,0,1,2,0,3,3,1,1,1,1,0,0,1,0
319,2.362456538,0.344434454,1.481642699,2.508658308,-0.105428406,1.351807313,0.986997792,1.096429837,1.343658979,0.418433835,0.211338525,0.984991496,1.320956216,2.056500449,1.433269606,0,0,1,1,0,3,3,1,0,0,0,1,0,1,0
320,0.116733147,0.013121313,1.351424112,1.022565697,0.877488733,-0.221245287,-2.07608013,1.167511897,1.340621386,1.549424413,1.631202382,1.126500633,-0.050055502,0.410213432,0.185561945,0,0,0,1,0,2,3,1,0,1,0,1,1,1,0
321,0.116733147,0.344434454,-0.784498276,-0.990923974,0.22221064,-0.108884387,-1.85728885,1.625622154,2.269133204,2.078839599,1.487957251,1.477227609,1.320956216,1.50773811,0.783431265,1,0,0,1,0,3,3,1,0,0,1,1,1,0,1
322,2.362456538,2.994939585,-0.323763823,1.375347505,0.877488733,-2.693185088,-1.85728885,0.277957143,-0.231167829,-2.212677844,-1.884207179,-1.620943516,-0.392808432,0.958975771,0.392772937,0,0,0,1,0,2,3,0,1,1,0,0,1,1,0
323,0.116733147,0.344434454,1.216097628,1.147018602,0.22221064,0.228198313,-0.325749889,1.429870826,2.318333152,2.524248885,2.160418826,2.128065139,-0.050055502,0.410213432,0.501272151,1,0,0,1,0,1,3,1,0,0,1,1,1,0,1
324,2.362456538,1.338373878,0.269185389,1.480644648,0.22221064,-0.445967087,0.330623952,0.568971945,1.871085749,1.846189437,0.477398398,0.615362625,0.292697427,0.958975771,0.221238476,1,0,0,1,0,3,3,1,0,0,1,1,1,0,1
325,0.116733147,0.013121313,1.351424112,1.147018602,1.532766825,0.115837413,-1.63849757,1.063498173,0.663569764,0.646217903,0.877731693,0.796016576,-1.42106722,-1.236073586,-0.091812539,2,0,0,1,0,1,2,1,0,0,1,1,1,0,1
326,0.116733147,0.013121313,0.77502353,0.431999215,-0.105428406,0.677641913,-0.982123729,1.60411503,1.628215849,1.275508125,0.877731693,1.489689194,0.635450357,0.410213432,1.507103844,1,0,0,1,0,1,3,1,0,0,1,1,1,1,1
327,0.116733147,1.007060737,0.928399138,1.022565697,1.205127779,1.014724613,1.643371633,1.514201166,1.150871404,0.868470477,0.756486186,1.21246736,0.292697427,-0.138548907,1.029790224,1,0,0,1,0,3,3,1,0,0,0,1,1,0,1
328,2.362456538,-0.318191829,-1.040199167,0.431999215,-2.398901729,-0.895410687,-1.41970629,0.681298612,1.616004695,1.432997829,1.316396842,1.477227609,-0.050055502,0.410213432,0.100405775,1,1,0,1,1,2,3,1,0,1,0,0,1,0,1
329,2.362456538,-0.318191829,-0.784498276,-0.67447664,1.205127779,0.228198313,-0.544541169,1.391919895,1.537586488,1.72335829,1.509333052,1.354331778,-1.078314291,-1.236073586,0.037864968,2,1,0,1,1,2,3,1,0,0,0,0,1,0,1
330,2.362456538,-0.64950497,2.067859455,1.676301601,1.532766825,-0.333606187,-0.763332449,1.520013434,2.001062835,2.3736154,1.997592476,1.75260815,-0.392808432,-0.138548907,-0.026182991,1,0,0,1,0,3,2,0,0,0,0,0,1,1,0
331,0.116733147,-0.64950497,-0.323763823,-1.365201729,0.22221064,-0.221245287,-0.325749889,0.698150512,0.6789398,0.187265225,0.100632662,0.35175469,0.292697427,-0.138548907,-0.026182991,2,0,0,1,0,1,2,1,0,0,1,1,1,0,1
332,0.116733147,0.344434454,-1.040199167,-0.990923974,0.877488733,0.677641913,0.768206512,0.562772191,1.013300873,0.471705515,0.623832412,0.914203139,0.292697427,0.410213432,0.037864968,1,0,1,1,0,3,3,1,0,0,1,1,1,1,1
333,0.116733147,0.344434454,-0.784498276,-0.67447664,-0.433067452,1.014724613,1.643371633,1.332751724,0.906972741,0.445274574,0.071543469,1.143087934,1.663709145,1.50773811,1.115535133,0,0,1,2,0,2,2,1,0,0,1,1,0,0,0
334,0.116733147,-0.318191829,-0.323763823,-0.990923974,-0.105428406,0.340559213,0.549415232,0.917711464,1.048145981,0.73857009,0.719840596,0.984991496,0.978203286,-0.138548907,0.279655369,1,0,0,1,0,1,2,1,0,0,0,1,1,0,1
335,0.116733147,0.344434454,-0.784498276,-0.990923974,0.877488733,0.115837413,-0.763332449,1.649385281,1.798675905,1.29191766,0.989376716,0.914203139,0.635450357,0.410213432,-0.026182991,0,0,0,1,0,3,3,1,0,0,0,1,1,1,0
336,0.116733147,0.344434454,-1.040199167,-1.365201729,0.877488733,1.801250913,0.549415232,1.379010293,0.881131949,-0.008928599,0.211338525,0.860009869,1.320956216,1.50773811,1.648890081,0,0,0,2,0,3,3,1,0,0,0,1,0,0,0
337,-2.128990245,0.675747595,-0.784498276,-0.400357492,-1.415984591,0.677641913,0.768206512,1.033956865,1.306724555,0.02535357,0.011501392,0.433061335,-0.050055502,-0.138548907,0.705823951,1,0,1,1,0,3,3,2,0,0,0,1,1,0,1
338,0.116733147,0.344434454,-0.784498276,-0.990923974,0.22221064,0.902363713,-1.200915009,1.984791235,2.255787683,1.631877757,0.738282373,1.57737813,0.978203286,0.958975771,1.578942316,0,0,0,1,0,3,3,2,0,1,0,1,1,0,1
339,0.116733147,0.344434454,-0.784498276,-0.990923974,0.877488733,1.239446413,0.986997792,1.128519704,0.621659668,-0.67658478,-0.295657648,0.393085694,0.978203286,2.056500449,1.318523945,0,0,0,2,0,1,3,2,0,1,1,1,0,1,0
340,2.362456538,-0.980818112,-0.114585656,-0.400357492,-0.433067452,0.902363713,0.986997792,0.556541669,0.382335026,0.39117039,0.263595457,0.907559265,0.292697427,0.410213432,1.19860007,0,0,0,2,0,2,3,2,0,1,0,1,1,0,0
341,0.116733147,2.332313302,-2.715387102,-0.990923974,0.22221064,1.801250913,0.549415232,2.338429828,1.532358853,0.598126116,0.70115455,1.326304157,0.635450357,0.958975771,1.614146297,0,0,0,2,0,2,3,2,0,1,0,1,1,0,0
342,0.116733147,0.675747595,-1.040199167,-0.67447664,-0.760706498,0.790002813,1.643371633,1.545840698,1.706020437,1.684742719,1.944060682,1.888033314,-0.392808432,-0.138548907,0.392772937,0,0,0,1,0,2,2,2,0,1,0,1,1,1,0
343,0.116733147,-1.974757536,0.614511657,-0.67447664,-0.105428406,-0.445967087,-0.106958609,-0.080616069,0.469166962,-0.484031741,-0.740166389,0.393085694,0.292697427,-1.236073586,1.073008439,0,0,0,1,0,1,0,2,0,1,1,1,1,0,0
344,0.116733147,-0.980818112,0.082632766,-0.990923974,0.549849686,-0.221245287,-0.544541169,0.986083041,0.67383688,0.3067052,0.237708935,0.572278713,-1.763820149,-1.784835925,0.161508734,1,0,0,0,0,1,2,2,0,1,1,1,1,0,1
345,0.116733147,0.344434454,-0.784498276,-0.67447664,0.22221064,-0.221245287,-0.544541169,1.584989232,2.197857967,2.078839599,1.904540566,2.052317313,0.292697427,-0.138548907,0.501272151,2,0,1,1,0,3,2,2,1,1,0,1,1,0,1
346,2.362456538,0.013121313,-0.323763823,0.05772146,-0.760706498,-0.445967087,-0.544541169,0.76866935,0.275324516,0.548660094,0.100632662,0.413237356,0.292697427,0.958975771,1.029790224,2,1,1,1,1,1,3,2,0,0,1,1,1,0,1
347,0.116733147,0.344434454,-0.784498276,-0.990923974,0.22221064,0.677641913,1.643371633,0.986083041,0.985529531,0.156071715,-0.051210083,1.045961592,3.034720863,1.50773811,1.395568808,0,0,1,1,0,3,1,2,0,0,0,1,0,1,0
348,0.116733147,0.344434454,-0.784498276,-1.823280681,1.205127779,0.677641913,-0.325749889,0.913018196,0.723975391,1.308173113,0.792203939,0.230291185,-0.392808432,0.958975771,-0.684897229,0,0,1,1,0,1,2,0,1,1,0,1,1,1,0
349,0.116733147,-0.318191829,-0.323763823,-1.365201729,-0.105428406,0.115837413,-0.106958609,0.869970057,0.079813072,0.248015072,-0.84874117,-0.431811529,0.978203286,1.50773811,0.279655369,0,0,1,1,0,0,3,0,1,0,1,0,0,1,0
350,0.116733147,-0.318191829,-0.323763823,-1.365201729,-0.105428406,-0.445967087,-1.200915009,0.936311029,0.492933987,0.909691305,0.989376716,0.423189639,0.635450357,1.50773811,0.037864968,0,0,0,1,0,0,3,0,1,0,1,0,0,1,0
351,0.116733147,0.344434454,-1.040199167,-1.823280681,0.549849686,0.228198313,-0.544541169,0.789593962,-0.49446796,-1.510739495,-1.666735118,-1.297012076,3.034720863,2.605262789,0.656142848,0,0,0,2,0,0,3,0,0,0,1,0,0,0,1
352,0.116733147,0.344434454,-0.784498276,-0.990923974,0.549849686,0.340559213,0.111832672,0.556541669,0.583830914,0.548660094,0.313985667,0.287005962,-0.392808432,-0.687311247,0.100405775,2,0,1,1,0,0,0,1,1,0,1,1,1,0,1
353,0.116733147,0.344434454,2.750434045,1.9387236,0.549849686,0.115837413,-1.200915009,1.08418147,0.463155791,-0.043903384,-0.051210083,-0.354379298,1.320956216,1.50773811,-0.371846214,1,0,0,1,0,0,0,1,1,1,0,0,0,0,1
354,0.116733147,0.344434454,-1.040199167,-0.990923974,0.22221064,-0.445967087,0.111832672,-0.080616069,0.030127539,-0.72826602,-1.392824496,-1.109079609,1.320956216,1.50773811,0.221238476,0,0,1,1,0,0,2,1,0,0,1,0,0,1,0
355,0.116733147,0.344434454,-0.784498276,-1.365201729,0.549849686,-0.108884387,-0.106958609,0.815268634,0.61632335,0.548660094,0.28901553,0.319810125,-0.392808432,-0.138548907,0.44757615,0,0,0,1,0,1,0,1,1,0,0,1,1,1,0
356,0.116733147,0.344434454,2.837790181,2.380313754,1.532766825,1.801250913,0.549415232,0.205738965,0.239967385,-0.395233149,-0.906331855,-1.008819209,0.292697427,0.958975771,0.392772937,1,1,0,1,1,1,0,1,0,1,0,1,1,0,1
357,0.116733147,-0.980818112,2.837790181,2.171369737,-2.071262683,-0.445967087,1.643371633,-0.767716697,-2.707980599,-2.977575605,-2.290062108,-2.764832915,-0.050055502,0.410213432,-0.22814302,1,0,1,1,0,0,0,1,1,0,1,0,1,0,1
358,0.116733147,0.344434454,-0.784498276,-0.990923974,0.22221064,1.014724613,0.986997792,0.940918182,-0.039261395,-0.116046864,-0.374054254,0.275872114,1.320956216,1.50773811,0.985857626,0,0,0,2,0,0,0,1,0,0,1,0,0,1,0
359,0.116733147,2.663626444,-1.945456376,-0.400357492,0.877488733,2.363055414,0.549415232,2.404637489,1.259009667,0.73857009,0.583521787,1.186248117,0.978203286,0.958975771,1.239178899,0,0,0,1,0,3,0,0,0,0,0,0,1,0,0
360,0.116733147,1.338373878,-1.945456376,-1.365201729,0.22221064,2.363055414,-0.544541169,1.487707735,1.91847757,1.402625244,1.266890855,1.694623759,1.320956216,0.410213432,1.073008439,0,0,0,1,0,2,1,1,0,0,0,1,1,0,0
361,0.116733147,0.344434454,-1.040199167,-0.67447664,-0.760706498,0.902363713,0.768206512,1.22014316,-0.339078643,-1.43020437,-1.771284858,-1.297012076,1.320956216,2.056500449,0.705823951,0,0,0,1,0,0,2,0,1,0,0,0,0,0,0
362,2.362456538,0.013121313,-1.040199167,-1.823280681,0.22221064,1.014724613,0.330623952,1.231139853,0.343244208,0.124305815,-0.688859794,0.028736812,0.635450357,-0.138548907,1.029790224,0,0,0,1,0,0,2,0,0,1,1,0,1,0,0
363,2.362456538,0.013121313,-1.040199167,-1.823280681,0.549849686,1.801250913,0.549415232,0.635221965,1.089488383,-0.72826602,-1.392824496,-0.317432596,1.663709145,2.605262789,0.985857626,0,0,0,1,0,0,2,2,0,1,1,0,0,0,0
364,0.116733147,0.675747595,-1.316377168,-1.823280681,1.205127779,1.913611813,2.737328034,2.229603555,1.657057122,0.782962086,0.70115455,1.408525048,0.978203286,0.958975771,0.802484118,0,0,0,1,0,1,2,2,0,0,0,1,1,0,0
365,0.116733147,0.344434454,-1.040199167,-1.823280681,0.549849686,0.115837413,0.768206512,1.216456086,-0.6424559,-1.595204684,-1.312186784,-0.9462851,1.320956216,2.056500449,1.318523945,0,0,1,1,0,0,2,2,0,0,0,0,0,0,0
366,0.116733147,-0.64950497,-0.323763823,-1.823280681,0.877488733,1.801250913,1.643371633,1.571147331,0.247117168,0.3067052,-0.116839399,0.319810125,-0.050055502,0.410213432,0.802484118,0,0,1,1,0,1,3,0,0,0,0,1,1,0,0
367,0.116733147,-0.318191829,-0.323763823,-1.365201729,0.877488733,1.464168213,0.330623952,2.104994147,1.067103234,0.622339,0.28901553,1.345060647,1.320956216,0.958975771,1.614146297,0,0,0,2,0,1,1,1,0,0,1,0,0,0,0
368,0.116733147,0.013121313,-0.546446442,-1.365201729,1.205127779,1.239446413,1.643371633,1.124553041,0.510474797,-0.395233149,-0.740166389,-0.027325839,0.292697427,0.410213432,0.895751992,0,0,0,1,0,0,1,1,0,0,1,0,1,0,0
369,0.116733147,0.013121313,-0.323763823,-0.990923974,0.549849686,4.048468914,3.831284435,2.510407467,0.993525711,0.782962086,0.263595457,1.222799183,0.978203286,1.50773811,1.614146297,0,0,1,1,0,2,1,1,0,0,0,1,0,1,0
370,2.362456538,-0.318191829,-0.784498276,-0.67447664,0.549849686,0.677641913,-0.325749889,0.981638974,-0.004098027,-0.270032128,-0.906331855,-0.580413236,0.978203286,0.958975771,0.44757615,0,0,0,1,0,1,3,2,1,1,0,0,1,1,0
371,0.116733147,0.344434454,-1.040199167,-0.67447664,0.549849686,0.790002813,0.986997792,1.016758682,-0.74637019,-0.530199623,-1.392824496,-0.558042923,0.292697427,-0.138548907,1.395568808,0,0,0,1,0,0,3,2,1,1,0,0,1,0,0
372,0.116733147,0.344434454,-1.040199167,-2.413847162,0.549849686,1.801250913,-0.544541169,2.208000348,1.278309018,1.102244344,0.071543469,0.673231351,0.978203286,2.056500449,1.115535133,0,0,0,2,0,1,1,2,1,0,1,0,0,0,0
373,0.116733147,0.344434454,-0.784498276,-1.365201729,1.205127779,1.239446413,0.768206512,1.708145338,0.16618945,-0.439063161,-0.591526315,0.452568117,0.292697427,1.50773811,1.683185546,0,0,0,2,0,1,3,1,1,0,0,1,1,0,0
374,0.116733147,0.344434454,-0.784498276,-1.823280681,0.877488733,-0.221245287,0.549415232,1.375762044,0.723975391,-1.510739495,-1.235910052,-0.558042923,1.320956216,2.056500449,1.507103844,0,0,0,1,0,1,2,1,1,0,0,1,0,0,0
375,0.116733147,0.344434454,-0.784498276,-1.823280681,0.877488733,2.138333613,1.205789073,1.601400547,0.11189931,0.02535357,0.071543469,0.673231351,-0.050055502,-0.138548907,1.073008439,0,0,0,2,0,1,3,1,1,0,1,0,1,0,0
376,0.116733147,0.013121313,-0.546446442,-0.990923974,1.532766825,1.801250913,0.111832672,1.598680183,1.364723177,-0.31076796,-0.639353806,-0.101236215,1.663709145,1.50773811,1.717044114,0,0,0,2,0,0,3,1,1,0,0,0,0,0,0
377,0.116733147,0.344434454,-0.784498276,-0.990923974,-0.760706498,-0.221245287,-0.106958609,-0.188911419,-0.628274732,-0.951956463,-1.235910052,-0.179918214,0.292697427,0.958975771,0.553904795,0,0,1,1,0,1,2,0,1,0,0,1,1,0,0
378,0.116733147,0.344434454,-0.784498276,-1.365201729,-2.398901729,0.902363713,0.768206512,1.15980974,-1.228651711,-1.77760407,-2.456227574,-0.431811529,0.635450357,1.50773811,1.318523945,0,0,0,1,0,1,2,1,1,0,1,0,0,0,0
379,0.116733147,0.675747595,-1.040199167,-0.990923974,-0.433067452,2.363055414,4.487658275,1.021080365,0.632266196,-0.395233149,-0.295657648,0.623799668,2.006462075,2.056500449,1.470443102,0,0,1,2,0,3,1,1,0,0,0,1,1,0,0
380,0.116733147,0.344434454,-0.784498276,-1.365201729,1.205127779,0.340559213,0.986997792,0.76866935,0.872401421,-0.439063161,-0.295657648,0.055830101,0.978203286,0.958975771,-0.026182991,0,0,0,1,0,2,3,2,1,1,1,0,1,0,0
381,0.116733147,0.344434454,-0.784498276,-1.365201729,1.205127779,0.677641913,-0.544541169,1.263563546,0.767484054,0.248015072,0.011501392,0.887407603,1.663709145,1.50773811,1.357325535,0,0,0,1,0,2,3,2,1,1,1,0,0,0,0
382,0.116733147,0.344434454,-0.784498276,-1.365201729,0.22221064,0.902363713,0.549415232,0.860199987,-0.38491861,-0.31076796,-0.793409534,-0.354379298,-0.050055502,-0.138548907,0.754593424,0,0,1,1,0,1,3,2,1,1,1,0,1,0,0
383,0.116733147,0.344434454,-0.784498276,-1.365201729,0.549849686,0.677641913,-0.544541169,1.298634198,1.195906995,0.9697387,0.011501392,1.057798072,1.663709145,0.958975771,1.648890081,0,0,0,1,0,2,3,2,1,1,1,0,1,0,0
384,0.116733147,0.344434454,-0.784498276,-0.67447664,-0.105428406,-0.108884387,-0.106958609,0.641074879,1.021126401,0.445274574,0.263595457,1.15945258,0.292697427,0.958975771,0.985857626,0,0,0,1,0,1,3,2,1,1,1,0,1,0,0
385,2.362456538,0.013121313,-0.784498276,-1.823280681,1.532766825,0.677641913,-0.544541169,1.26000199,0.876774108,0.598126116,-0.116839399,0.758957558,0.292697427,0.958975771,1.157392087,0,0,0,1,0,1,3,2,1,0,1,1,1,0,0
386,0.116733147,-0.980818112,0.269185389,-0.990923974,1.205127779,0.790002813,1.424580353,1.190338848,0.67383688,0.058970024,0.011501392,0.736169084,-0.050055502,0.410213432,1.433269606,0,0,0,1,0,1,3,2,1,0,1,1,1,0,0
387,0.116733147,0.013121313,-0.546446442,-1.365201729,1.205127779,0.677641913,-0.763332449,1.059320307,0.694127938,0.363470712,0.362637932,0.673231351,0.292697427,0.410213432,0.44757615,0,0,0,1,0,1,3,2,1,0,0,1,1,0,0
388,0.116733147,2.994939585,-3.708000447,-1.365201729,1.532766825,0.677641913,0.986997792,2.0261509,1.252511514,0.847486063,0.455180996,1.615242908,1.320956216,0.958975771,1.750476777,0,0,0,1,0,2,3,1,1,0,0,1,0,0,0
389,0.116733147,0.344434454,-0.784498276,-1.365201729,0.877488733,0.677641913,-1.200915009,1.336113032,0.668713589,0.782962086,0.28901553,0.914203139,0.978203286,0.410213432,2.121944685,0,0,0,1,0,1,3,1,1,0,0,1,1,0,0
390,0.116733147,0.344434454,-0.784498276,-0.67447664,0.22221064,0.677641913,-1.200915009,1.096429837,2.38067916,1.432997829,0.894232184,2.04185246,2.006462075,2.056500449,2.00379805,0,0,0,1,0,1,3,1,1,0,1,0,0,0,0
391,0.116733147,0.344434454,-0.784498276,-0.67447664,0.877488733,-0.333606187,-0.544541169,1.472743938,2.090576229,1.371710262,0.603821071,1.739210786,1.320956216,0.958975771,2.150678605,0,0,0,1,0,1,3,2,1,1,0,0,0,0,0
392,2.362456538,0.013121313,-0.784498276,-0.67447664,0.549849686,0.228198313,-0.544541169,0.360929822,-0.084615325,-0.270032128,-0.639353806,-0.335765992,0.292697427,0.410213432,1.717044114,0,0,0,1,0,2,3,2,1,0,0,1,1,0,0
393,0.116733147,0.344434454,-0.784498276,-0.990923974,-0.105428406,0.340559213,0.549415232,-0.122819965,0.42027028,-0.577632535,-0.258034728,0.452568117,0.978203286,0.958975771,1.683185546,0,0,0,1,0,1,3,2,1,0,0,1,1,0,0
394,0.116733147,0.344434454,-0.784498276,-1.823280681,-0.105428406,0.677641913,-0.544541169,0.084429027,0.469166962,-0.31076796,-0.295657648,0.751408631,0.292697427,0.410213432,1.816106325,0,0,0,2,0,1,3,1,1,0,0,1,1,0,0
395,0.116733147,0.344434454,-1.040199167,-2.413847162,0.549849686,1.801250913,0.111832672,1.554333048,1.596221911,0.497738983,0.28901553,1.186248117,1.320956216,1.50773811,1.279147497,0,0,0,2,0,2,3,2,0,1,1,1,1,0,0
396,0.116733147,0.344434454,-0.784498276,-0.990923974,-1.743623637,1.351807313,0.111832672,1.372505369,1.178772126,0.73857009,0.129134155,0.914203139,0.292697427,0.958975771,0.802484118,0,0,0,2,0,1,3,1,1,1,1,1,1,0,0
397,0.116733147,0.675747595,1.481642699,1.375347505,-0.105428406,-0.783049787,-1.200915009,-0.466232071,-0.150930287,0.782962086,0.386349009,-0.299370817,-1.078314291,-0.138548907,-1.562633947,1,0,1,1,0,1,3,2,0,1,0,0,1,0,0
398,0.116733147,0.675747595,-1.040199167,-0.67447664,-0.433067452,1.239446413,-0.106958609,0.411011299,0.119797074,-0.893266334,-0.545267224,0.042358718,0.635450357,0.958975771,0.985857626,0,0,1,1,0,3,3,0,1,0,0,1,1,0,1
399,0.116733147,0.675747595,-0.784498276,-0.158567267,0.22221064,-0.445967087,-0.763332449,0.155177191,0.309733618,0.573569776,-0.100143631,-0.246737557,-0.050055502,-0.138548907,-0.769280877,1,0,1,1,0,2,3,1,1,1,1,1,1,1,0
400,0.116733147,0.344434454,1.481642699,1.147018602,1.532766825,0.115837413,0.549415232,0.903578695,0.444951477,0.715939794,0.071543469,0.536680627,0.635450357,1.50773811,0.656142848,2,0,1,0,1,0,2,0,1,1,0,0,0,1,0
401,0.116733147,0.344434454,-0.784498276,-1.365201729,0.549849686,0.115837413,0.111832672,0.747390066,0.757942132,0.3067052,0.338521518,0.860009869,1.320956216,1.50773811,1.395568808,0,0,0,2,0,1,3,1,1,0,0,0,0,0,0
402,0.116733147,0.344434454,-1.040199167,-0.990923974,0.22221064,-1.007771587,0.768206512,-0.270690406,-2.140940109,-2.795176219,-2.456227574,-1.675136786,-0.392808432,-0.138548907,0.392772937,2,0,1,1,0,0,3,1,1,1,1,0,1,0,1
403,0.116733147,1.338373878,-1.616599748,-0.67447664,0.22221064,-1.513395637,-0.435145529,0.547137522,-0.607292532,-1.07566572,-1.061518465,-0.901403425,-0.392808432,-0.138548907,0.037864968,1,0,1,1,0,0,3,1,1,1,0,0,1,0,1
,,,,,,,,,,,,,,,,0,0,0,0,0,0,0,0,0,0,0,0,0,0,0
,,,,,,,,,,,,,,,,0,0,0,0,0,0,0,0,0,0,0,0,0,0,0
