"sale","shop","date","season","income"
1556,"Shop №1",2011,"Summer",1775.13408688265
819,"Shop №2",2012,"Winter",1108.49663462656
1084,"Shop №1",2013,"Winter",1220.49852491265
1009,"Shop №2",2014,"Winter",1194.02883408601
903,"Shop №2",2015,"Winter",828.801864565881
1497,"Shop №1",2011,"Summer",1752.60914942083
672,"Shop №2",2012,"Winter",847.653971943795
1033,"Shop №1",2013,"Winter",626.847500907405
726,"Shop №1",2014,"Summer",571.480942798034
650,"Shop №2",2015,"Winter",852.885381785683
914,"Shop №2",2011,"Winter",684.022242384652
1057,"Shop №1",2012,"Summer",1561.67832004491
967,"Shop №2",2013,"Winter",556.60631244938
1189,"Shop №2",2014,"Summer",1653.41203225159
784,"Shop №2",2015,"Winter",1282.6669218812
978,"Shop №1",2011,"Winter",945.801523771218
604,"Shop №1",2012,"Summer",1117.87848297818
1120,"Shop №2",2013,"Winter",1129.01769508442
830,"Shop №1",2014,"Winter",998.242277342031
1190,"Shop №1",2015,"Summer",1271.39951273982
1277,"Shop №1",2011,"Winter",1133.15720594429
820,"Shop №2",2012,"Summer",718.551592826356
844,"Shop №1",2013,"Winter",1003.68112118897
914,"Shop №1",2014,"Winter",1009.49864762423
1158,"Shop №2",2015,"Winter",1278.92006334188
1053,"Shop №2",2011,"Summer",983.610175199088
1613,"Shop №1",2012,"Winter",2394.29544093067
1051,"Shop №2",2013,"Winter",1229.55808477944
1596,"Shop №2",2014,"Summer",1742.21850992231
691,"Shop №2",2015,"Summer",842.299680146027
681,"Shop №1",2011,"Summer",956.564639577177
1261,"Shop №1",2012,"Summer",1290.08020499932
1083,"Shop №2",2013,"Summer",1835.95698420941
365,"Shop №2",2014,"Summer",501.270036493507
1405,"Shop №2",2015,"Summer",1762.52886873384
759,"Shop №1",2011,"Winter",1232.53086626308
1054,"Shop №1",2012,"Winter",908.292468390718
1140,"Shop №1",2013,"Summer",722.604091015663
926,"Shop №1",2014,"Winter",830.326312104026
1141,"Shop №1",2015,"Winter",727.172084629138
711,"Shop №1",2011,"Winter",542.0292432645
999,"Shop №2",2012,"Winter",1284.06627776253
1079,"Shop №2",2013,"Winter",786.063173063307
1389,"Shop №1",2014,"Summer",1304.93509077741
411,"Shop №1",2015,"Summer",276.631697930666
1132,"Shop №2",2011,"Summer",679.044085825797
1123,"Shop №2",2012,"Summer",1314.49111127722
881,"Shop №1",2013,"Winter",642.284278839607
794,"Shop №1",2014,"Summer",776.203345982912
610,"Shop №1",2015,"Summer",365.26492913289
813,"Shop №1",2011,"Summer",1092.05462402762
914,"Shop №1",2012,"Summer",1261.26108448476
963,"Shop №1",2013,"Summer",1140.14279360925
978,"Shop №2",2014,"Summer",1082.09447920735
764,"Shop №1",2015,"Winter",1011.6503612649
1094,"Shop №2",2011,"Winter",666.310795879802
1217,"Shop №1",2012,"Winter",1638.11248546301
1089,"Shop №2",2013,"Winter",1101.41779296327
1161,"Shop №2",2014,"Summer",1274.53776744375
1306,"Shop №1",2015,"Winter",1074.52251351194
1719,"Shop №1",2011,"Winter",2035.49518457117
896,"Shop №1",2012,"Winter",1320.51621329643
1027,"Shop №2",2013,"Summer",665.29186263244
1389,"Shop №2",2014,"Winter",1203.19604503382
670,"Shop №2",2015,"Winter",607.846880368031
921,"Shop №2",2011,"Summer",864.055049615237
1213,"Shop №2",2012,"Summer",1303.43208604794
931,"Shop №1",2013,"Winter",1448.09535030707
1176,"Shop №2",2014,"Winter",1543.18997619798
736,"Shop №1",2015,"Summer",1597.07259469923
814,"Shop №2",2011,"Winter",1134.7395152317
990,"Shop №1",2012,"Winter",1373.11903721465
926,"Shop №2",2013,"Winter",929.235263649146
770,"Shop №2",2014,"Winter",669.577895996883
927,"Shop №2",2015,"Winter",1120.60140647928
777,"Shop №1",2011,"Winter",583.759389232267
648,"Shop №1",2012,"Summer",1286.69448868257
170,"Shop №2",2013,"Summer",-151.121755769757
816,"Shop №1",2014,"Winter",1104.50786492945
1057,"Shop №1",2015,"Winter",536.707940895364
1360,"Shop №1",2011,"Winter",1361.88168429871
479,"Shop №2",2012,"Summer",797.983334615061
535,"Shop №2",2013,"Winter",475.143819655846
603,"Shop №2",2014,"Summer",1119.81011057374
1360,"Shop №2",2015,"Summer",1603.30501468516
1120,"Shop №1",2011,"Winter",1360.12793022491
745,"Shop №2",2012,"Summer",708.185791356413
1245,"Shop №1",2013,"Summer",1733.70460282243
1026,"Shop №1",2014,"Winter",1335.92252190864
1061,"Shop №2",2015,"Summer",766.033866713763
1253,"Shop №2",2011,"Winter",1088.89450696388
1418,"Shop №2",2012,"Winter",1339.04235222486
993,"Shop №2",2013,"Summer",980.60880711884
1069,"Shop №2",2014,"Winter",1363.26366932131
1275,"Shop №2",2015,"Summer",1643.40636354048
1037,"Shop №1",2011,"Winter",1560.04084983537
1092,"Shop №2",2012,"Winter",1265.79448105525
1061,"Shop №1",2013,"Winter",1206.71222496365
684,"Shop №2",2014,"Winter",489.37458635557
971,"Shop №1",2015,"Summer",638.386350356192
1304,"Shop №2",2011,"Winter",1354.87710894344
738,"Shop №1",2012,"Winter",520.8638860868
504,"Shop №2",2013,"Winter",837.487377744186
1020,"Shop №2",2014,"Summer",941.603145296979
887,"Shop №1",2015,"Summer",1275.30190159728
1064,"Shop №2",2011,"Winter",1438.04088008665
753,"Shop №2",2012,"Summer",1189.15788657156
790,"Shop №1",2013,"Winter",670.871496296999
1313,"Shop №2",2014,"Winter",1869.02595512517
680,"Shop №1",2015,"Winter",915.848981519436
948,"Shop №1",2011,"Summer",1488.58554142037
1169,"Shop №1",2012,"Winter",1950.84073189171
1541,"Shop №1",2013,"Summer",1492.03351224784
468,"Shop №2",2014,"Winter",654.373938243254
1316,"Shop №2",2015,"Winter",1563.24352905629
800,"Shop №2",2011,"Summer",1435.12703865522
590,"Shop №1",2012,"Summer",664.721822579015
1188,"Shop №1",2013,"Summer",2030.08224470701
1202,"Shop №2",2014,"Summer",1975.01492977364
932,"Shop №2",2015,"Summer",1324.4390836692
1115,"Shop №1",2011,"Winter",1668.18988125243
840,"Shop №1",2012,"Summer",857.632443547528
593,"Shop №1",2013,"Winter",301.984027369933
1180,"Shop №2",2014,"Winter",1533.36532022959
641,"Shop №1",2015,"Winter",272.318955568822
831,"Shop №2",2011,"Summer",580.65265862729
897,"Shop №2",2012,"Summer",1541.31074248721
829,"Shop №1",2013,"Winter",745.659545507351
1504,"Shop №1",2014,"Summer",1917.08366053872
1015,"Shop №1",2015,"Summer",1008.98835841828
1060,"Shop №1",2011,"Summer",976.591790149941
872,"Shop №2",2012,"Winter",1663.55967451412
674,"Shop №1",2013,"Summer",518.313948880027
857,"Shop №1",2014,"Summer",961.931284444234
1000,"Shop №1",2015,"Winter",1075.1984152474
769,"Shop №1",2011,"Summer",746.881374133172
715,"Shop №1",2012,"Winter",810.585095542152
1070,"Shop №2",2013,"Summer",1373.00574047068
1137,"Shop №1",2014,"Summer",1336.41957930068
1154,"Shop №1",2015,"Winter",1948.95957978384
412,"Shop №1",2011,"Winter",244.871090882474
1333,"Shop №1",2012,"Winter",1524.07643180156
1432,"Shop №1",2013,"Summer",1737.30564306634
652,"Shop №1",2014,"Winter",754.449850175721
1021,"Shop №2",2015,"Winter",1152.73345651175
955,"Shop №2",2011,"Summer",1362.17093923278
1366,"Shop №2",2012,"Winter",1377.64014131134
924,"Shop №1",2013,"Summer",1375.9847735494
295,"Shop №2",2014,"Summer",555.058408808427
897,"Shop №1",2015,"Winter",1009.67928555886
742,"Shop №2",2011,"Winter",859.868433392371
1258,"Shop №2",2012,"Summer",1545.58565807388
770,"Shop №2",2013,"Winter",1163.93721436032
1005,"Shop №2",2014,"Summer",789.68270014176
519,"Shop №1",2015,"Summer",562.156289217181
1016,"Shop №1",2011,"Winter",418.709539276851
983,"Shop №1",2012,"Summer",1471.73234726974
789,"Shop №1",2013,"Summer",733.676376526816
1304,"Shop №2",2014,"Summer",931.346970664349
962,"Shop №1",2015,"Summer",1641.97435520766
1116,"Shop №2",2011,"Summer",673.180813292878
784,"Shop №2",2012,"Summer",1061.79296381161
1302,"Shop №1",2013,"Winter",1242.23569332354
943,"Shop №2",2014,"Winter",964.721730605602
1179,"Shop №1",2015,"Winter",1245.21909149701
796,"Shop №1",2011,"Winter",597.160324897612
1123,"Shop №2",2012,"Summer",1674.9700367392
1398,"Shop №2",2013,"Summer",1513.10781173201
708,"Shop №2",2014,"Summer",878.935575409317
1004,"Shop №2",2015,"Winter",1129.0316534958
921,"Shop №1",2011,"Summer",1460.68160165278
744,"Shop №2",2012,"Winter",389.119720858961
830,"Shop №1",2013,"Winter",753.833702844006
1314,"Shop №2",2014,"Summer",1574.03703131673
1130,"Shop №2",2015,"Summer",1042.34774102115
744,"Shop №2",2011,"Winter",364.914306828329
1394,"Shop №1",2012,"Winter",1160.97632293208
1452,"Shop №2",2013,"Summer",1759.68749650341
1219,"Shop №1",2014,"Winter",1754.20825873614
1559,"Shop №1",2015,"Summer",2014.71775977579
1214,"Shop №2",2011,"Winter",710.874304964583
1005,"Shop №1",2012,"Winter",1210.59054423309
1272,"Shop №2",2013,"Summer",1324.73976546004
894,"Shop №2",2014,"Winter",1240.57627839625
701,"Shop №2",2015,"Summer",702.110463617554
283,"Shop №1",2011,"Summer",287.615869874273
1269,"Shop №1",2012,"Winter",1401.70763176337
1044,"Shop №2",2013,"Winter",719.138153674068
422,"Shop №2",2014,"Summer",284.810073699637
1123,"Shop №2",2015,"Winter",1228.04028769413
1155,"Shop №2",2011,"Winter",1230.52679146949
1049,"Shop №1",2012,"Winter",771.061807280652
1163,"Shop №1",2013,"Summer",1627.51336953639
1614,"Shop №1",2014,"Summer",993.975577875166
926,"Shop №1",2015,"Winter",837.679998194773
841,"Shop №1",2011,"Winter",1397.03844830643
930,"Shop №2",2012,"Summer",948.096264589793
708,"Shop №1",2013,"Winter",1026.71569921003
1051,"Shop №1",2014,"Summer",1020.53782648088
892,"Shop №1",2015,"Winter",848.995093965803
866,"Shop №1",2011,"Summer",1220.89828576875
802,"Shop №2",2012,"Summer",1103.42992703203
489,"Shop №2",2013,"Winter",607.285583149946
752,"Shop №2",2014,"Summer",942.341170499162
1344,"Shop №1",2015,"Winter",1484.47269711335
1081,"Shop №2",2011,"Winter",1019.51704996285
1122,"Shop №2",2012,"Summer",1913.75008435069
1596,"Shop №2",2013,"Winter",2269.14412813872
1125,"Shop №1",2014,"Summer",1393.5946348587
954,"Shop №2",2015,"Summer",1045.65452468305
922,"Shop №2",2011,"Summer",998.349527262912
1135,"Shop №1",2012,"Summer",1242.82775775469
1493,"Shop №1",2013,"Winter",1871.52202086503
1273,"Shop №2",2014,"Winter",1610.88834921932
657,"Shop №1",2015,"Summer",563.624154912477
998,"Shop №1",2011,"Summer",1444.53561933796
833,"Shop №2",2012,"Summer",1291.97358472068
1176,"Shop №2",2013,"Summer",868.058687463911
1118,"Shop №1",2014,"Winter",1372.95024344925
830,"Shop №1",2015,"Summer",948.624762784719
633,"Shop №1",2011,"Winter",337.300140719707
396,"Shop №1",2012,"Summer",124.873750065189
918,"Shop №2",2013,"Winter",875.534762041873
661,"Shop №1",2014,"Winter",269.9656040857
484,"Shop №2",2015,"Summer",688.148574929207
1064,"Shop №2",2011,"Summer",741.61855954026
587,"Shop №2",2012,"Summer",798.602706947799
968,"Shop №1",2013,"Winter",1878.35848181793
822,"Shop №2",2014,"Winter",919.696946816157
794,"Shop №2",2015,"Winter",787.759559923931
1369,"Shop №1",2011,"Summer",1327.39906009216
897,"Shop №1",2012,"Winter",1196.71692074338
520,"Shop №2",2013,"Winter",752.777644116634
867,"Shop №2",2014,"Summer",759.14827615713
1373,"Shop №2",2015,"Winter",1601.26436215122
1362,"Shop №1",2011,"Winter",1907.18537379148
1171,"Shop №1",2012,"Summer",997.293885279693
956,"Shop №1",2013,"Summer",1176.16962990024
779,"Shop №2",2014,"Summer",699.233119393318
912,"Shop №2",2015,"Summer",906.761392750397
823,"Shop №1",2011,"Summer",908.353969609733
1643,"Shop №2",2012,"Winter",1676.83494711263
1249,"Shop №2",2013,"Summer",1252.64961058931
1718,"Shop №2",2014,"Summer",1626.61497046069
1484,"Shop №2",2015,"Summer",1260.50443796913
595,"Shop №1",2011,"Winter",999.87424616183
1067,"Shop №1",2012,"Winter",1420.60459662443
1163,"Shop №2",2013,"Summer",1359.4297373802
1120,"Shop №2",2014,"Summer",1205.40076932324
48,"Shop №2",2015,"Summer",-11.9782863600289
658,"Shop №1",2011,"Winter",630.884391720104
917,"Shop №1",2012,"Winter",846.791524297897
601,"Shop №1",2013,"Summer",672.545995638709
466,"Shop №1",2014,"Winter",1002.43317492871
1454,"Shop №2",2015,"Winter",1316.95189815182
1094,"Shop №1",2011,"Winter",606.20144600877
1202,"Shop №1",2012,"Winter",973.584832221599
1088,"Shop №2",2013,"Winter",1531.97649809135
921,"Shop №2",2014,"Winter",1079.04559761434
736,"Shop №1",2015,"Summer",777.476416203883
1081,"Shop №1",2011,"Winter",1763.74170326263
966,"Shop №2",2012,"Summer",822.414819960029
500,"Shop №1",2013,"Winter",706.82394192973
1400,"Shop №1",2014,"Winter",1844.77984188973
701,"Shop №2",2015,"Winter",884.107251800808
937,"Shop №2",2011,"Summer",1003.50921486694
1320,"Shop №2",2012,"Winter",1626.63828955137
1012,"Shop №2",2013,"Winter",1012.16526464723
879,"Shop №1",2014,"Summer",1071.84041732525
694,"Shop №1",2015,"Summer",1071.00500054482
1204,"Shop №2",2011,"Summer",1634.33609560486
949,"Shop №2",2012,"Winter",1114.39451296731
622,"Shop №1",2013,"Summer",-96.5589456620179
663,"Shop №1",2014,"Summer",681.715915144133
1646,"Shop №2",2015,"Summer",2023.58064655324
747,"Shop №2",2011,"Winter",678.004172450832
1253,"Shop №1",2012,"Winter",1232.22125215824
947,"Shop №2",2013,"Summer",722.95530320138
1043,"Shop №1",2014,"Winter",1067.71538545363
1031,"Shop №2",2015,"Winter",979.463410395921
1770,"Shop №1",2011,"Winter",1879.99759908572
538,"Shop №2",2012,"Winter",1031.20609542625
833,"Shop №2",2013,"Winter",426.32151770418
1141,"Shop №1",2014,"Summer",1229.11806576548
857,"Shop №2",2015,"Summer",1151.87822390014
1147,"Shop №2",2011,"Summer",1369.80009238281
869,"Shop №2",2012,"Summer",757.075052967911
1002,"Shop №1",2013,"Summer",809.265026628336
1399,"Shop №2",2014,"Summer",1423.58410095544
599,"Shop №2",2015,"Winter",436.016280418012
1127,"Shop №1",2011,"Summer",1367.58106327761
1393,"Shop №1",2012,"Winter",1430.66797582646
1611,"Shop №1",2013,"Summer",1972.41210553017
653,"Shop №1",2014,"Winter",834.86902228408
565,"Shop №2",2015,"Winter",1403.93411332063
1104,"Shop №2",2011,"Winter",1504.20064445435
567,"Shop №1",2012,"Summer",789.887713431677
1199,"Shop №2",2013,"Winter",1389.83633377606
983,"Shop №1",2014,"Winter",1109.19140655675
874,"Shop №2",2015,"Summer",999.375124358177
1126,"Shop №1",2011,"Summer",1176.14115302433
1278,"Shop №1",2012,"Summer",1237.98878427486
1069,"Shop №1",2013,"Summer",938.019846664633
1362,"Shop №1",2014,"Summer",1676.96536053571
872,"Shop №1",2015,"Summer",757.131221515476
1200,"Shop №1",2011,"Winter",1105.99562914148
493,"Shop №1",2012,"Summer",361.073277360075
711,"Shop №2",2013,"Winter",937.506164002442
201,"Shop №2",2014,"Summer",709.497439495989
455,"Shop №1",2015,"Winter",-465.163976984217
599,"Shop №1",2011,"Winter",393.823183570385
754,"Shop №2",2012,"Summer",1006.26922583824
780,"Shop №2",2013,"Winter",1037.76568310239
877,"Shop №2",2014,"Summer",1119.82051122277
1068,"Shop №2",2015,"Winter",1047.34983219603
1472,"Shop №1",2011,"Summer",1488.55805747405
1283,"Shop №1",2012,"Winter",1636.52382671355
1229,"Shop №2",2013,"Winter",1733.54757107772
1433,"Shop №2",2014,"Summer",1759.98899863867
1381,"Shop №2",2015,"Summer",1897.60050750565
1117,"Shop №2",2011,"Winter",1701.03306231394
934,"Shop №2",2012,"Winter",1145.28041548099
1021,"Shop №1",2013,"Winter",555.092999348132
1377,"Shop №1",2014,"Summer",1374.590347884
1008,"Shop №2",2015,"Summer",866.98333021208
607,"Shop №1",2011,"Summer",184.37605569937
720,"Shop №1",2012,"Summer",630.940846705293
1182,"Shop №1",2013,"Summer",1777.42261393962
1235,"Shop №1",2014,"Summer",737.205460640357
652,"Shop №2",2015,"Winter",841.416440993825
381,"Shop №2",2011,"Winter",613.182062764443
746,"Shop №2",2012,"Winter",823.47300329402
1082,"Shop №1",2013,"Summer",1547.82463617403
788,"Shop №2",2014,"Summer",1022.09520724094
704,"Shop №1",2015,"Summer",1096.13868351284
991,"Shop №2",2011,"Summer",1389.38221750023
715,"Shop №2",2012,"Winter",361.651080117538
837,"Shop №1",2013,"Summer",959.965028220727
1223,"Shop №1",2014,"Summer",1535.83577402586
783,"Shop №1",2015,"Summer",1002.26632278787
895,"Shop №2",2011,"Winter",1029.65096075484
1344,"Shop №1",2012,"Winter",1015.32435715541
1214,"Shop №2",2013,"Winter",1485.91691943941
916,"Shop №1",2014,"Winter",934.241553040979
941,"Shop №1",2015,"Summer",1122.93389727036
1295,"Shop №2",2011,"Winter",1366.17539543154
1219,"Shop №2",2012,"Winter",1155.20700545936
542,"Shop №1",2013,"Winter",547.862105654098
758,"Shop №1",2014,"Summer",935.520643771249
1130,"Shop №2",2015,"Winter",1292.2807317071
900,"Shop №2",2011,"Winter",988.392382361957
1022,"Shop №2",2012,"Winter",1589.0540765168
910,"Shop №1",2013,"Winter",1179.63660788871
1185,"Shop №1",2014,"Winter",2176.70494322458
1120,"Shop №2",2015,"Summer",1557.96159834073
1225,"Shop №2",2011,"Summer",1190.94793621351
790,"Shop №2",2012,"Winter",1225.61451517164
794,"Shop №1",2013,"Winter",834.330514234086
1016,"Shop №1",2014,"Summer",780.640937733293
901,"Shop №1",2015,"Winter",825.376905275761
1370,"Shop №2",2011,"Winter",1769.07258707153
846,"Shop №1",2012,"Summer",905.471963161619
1254,"Shop №1",2013,"Summer",1345.25949991593
1092,"Shop №2",2014,"Summer",1963.5834638122
1229,"Shop №1",2015,"Summer",787.561465795015
1174,"Shop №1",2011,"Summer",1130.48969676731
1055,"Shop №1",2012,"Summer",661.983911296261
951,"Shop №1",2013,"Summer",829.673866506772
1508,"Shop №1",2014,"Summer",1415.81911904256
1491,"Shop №1",2015,"Winter",1884.50502524717
1089,"Shop №1",2011,"Summer",716.613233993727
1015,"Shop №2",2012,"Winter",1677.44439478461
906,"Shop №1",2013,"Winter",998.966591443489
1247,"Shop №1",2014,"Winter",1586.41831533789
585,"Shop №2",2015,"Winter",1021.51675821694
970,"Shop №1",2011,"Summer",961.119379885094
1061,"Shop №2",2012,"Summer",1325.44056512157
770,"Shop №1",2013,"Winter",928.930944725475
1226,"Shop №1",2014,"Summer",1349.80572045035
782,"Shop №2",2015,"Summer",981.405098480973
1632,"Shop №1",2011,"Winter",1745.69904210537
1115,"Shop №1",2012,"Winter",952.915198555987
1238,"Shop №1",2013,"Summer",1553.06384733582
662,"Shop №1",2014,"Summer",1031.24138866433
947,"Shop №1",2015,"Summer",562.621547649952
990,"Shop №2",2011,"Summer",973.413215872935
916,"Shop №2",2012,"Winter",768.539467171083
1089,"Shop №1",2013,"Winter",1007.21996526275
1058,"Shop №2",2014,"Winter",597.555311710381
1239,"Shop №1",2015,"Summer",1001.41873191536
1477,"Shop №2",2011,"Winter",1604.20180615473
1243,"Shop №2",2012,"Summer",1203.19221343845
999,"Shop №2",2013,"Winter",1013.95814109439
1393,"Shop №1",2014,"Summer",1654.84936396456
1482,"Shop №1",2015,"Winter",1583.93803623507
1584,"Shop №1",2011,"Winter",1765.74024886112
922,"Shop №1",2012,"Winter",658.774417058588
812,"Shop №1",2013,"Summer",1256.67453440877
1368,"Shop №1",2014,"Winter",1552.09384117221
1476,"Shop №2",2015,"Summer",1200.56948398316
1081,"Shop №2",2011,"Winter",820.417153656185
1373,"Shop №2",2012,"Winter",1048.49878169008
988,"Shop №2",2013,"Summer",1237.69013749197
445,"Shop №1",2014,"Summer",1132.74373683182
963,"Shop №1",2015,"Winter",665.388234755586
1322,"Shop №1",2011,"Summer",956.662970456058
775,"Shop №2",2012,"Winter",1092.64780363058
1375,"Shop №1",2013,"Winter",1931.15218291005
676,"Shop №1",2014,"Winter",724.370708513381
961,"Shop №1",2015,"Winter",832.445040926798
140,"Shop №1",2011,"Summer",525.188362289568
673,"Shop №2",2012,"Summer",761.370756612757
720,"Shop №2",2013,"Winter",1198.55250784301
758,"Shop №2",2014,"Summer",826.871392693255
1232,"Shop №1",2015,"Winter",1425.7871781009
1147,"Shop №2",2011,"Winter",1028.87870203503
1513,"Shop №2",2012,"Winter",1756.30306706436
988,"Shop №2",2013,"Summer",1113.962217581
1417,"Shop №1",2014,"Summer",1492.78847348981
1077,"Shop №2",2015,"Winter",1146.11550938205
845,"Shop №2",2011,"Winter",1032.76529566866
1137,"Shop №1",2012,"Summer",1073.15033601684
1004,"Shop №1",2013,"Summer",1043.51306072903
961,"Shop №1",2014,"Winter",1152.67123472943
1220,"Shop №2",2015,"Winter",1261.07670005005
1353,"Shop №1",2011,"Summer",899.799531234072
1379,"Shop №2",2012,"Winter",1366.54575223589
984,"Shop №1",2013,"Summer",1950.88116325831
1008,"Shop №2",2014,"Winter",1577.95432323836
632,"Shop №1",2015,"Winter",411.656172631424
1572,"Shop №2",2011,"Summer",1159.18258756916
1182,"Shop №1",2012,"Summer",1354.94220524324
989,"Shop №2",2013,"Winter",705.330894599911
1080,"Shop №1",2014,"Summer",1009.98203297065
661,"Shop №1",2015,"Winter",695.394896609144
1166,"Shop №1",2011,"Winter",1785.72956786555
1258,"Shop №2",2012,"Winter",1502.47621321978
728,"Shop №2",2013,"Winter",1148.20103868072
1173,"Shop №1",2014,"Summer",1741.99966119726
965,"Shop №1",2015,"Summer",901.024703072292
1481,"Shop №2",2011,"Summer",1869.38069073958
865,"Shop №2",2012,"Winter",576.777167905441
1144,"Shop №1",2013,"Summer",1141.02584697242
1159,"Shop №1",2014,"Winter",703.488025756402
613,"Shop №2",2015,"Winter",989.238464260844
1457,"Shop №1",2011,"Summer",1680.48846489542
1004,"Shop №2",2012,"Summer",758.266198419194
829,"Shop №2",2013,"Winter",1186.16192572824
1248,"Shop №2",2014,"Summer",843.907365495888
1086,"Shop №1",2015,"Summer",1174.29548744077
1357,"Shop №1",2011,"Winter",809.352538165462
938,"Shop №1",2012,"Winter",680.527586496779
1429,"Shop №1",2013,"Summer",1467.43477239159
917,"Shop №2",2014,"Winter",1157.78099829524
689,"Shop №1",2015,"Summer",958.405919218993
863,"Shop №1",2011,"Summer",486.556185950524
602,"Shop №1",2012,"Winter",702.552766013741
807,"Shop №2",2013,"Winter",1070.8061071355
910,"Shop №2",2014,"Winter",992.333398781524
985,"Shop №1",2015,"Summer",1494.84156875038
821,"Shop №1",2011,"Winter",810.807184014917
980,"Shop №2",2012,"Summer",1206.42799922061
1448,"Shop №1",2013,"Winter",1196.17707500884
854,"Shop №2",2014,"Summer",739.549359703859
1291,"Shop №1",2015,"Summer",1355.85334873321
1226,"Shop №2",2011,"Summer",1083.32191319211
1837,"Shop №1",2012,"Summer",2012.54193016176
1645,"Shop №1",2013,"Summer",1565.11822606798
891,"Shop №2",2014,"Winter",1402.33763550962
1241,"Shop №1",2015,"Winter",1274.25986463236
1141,"Shop №1",2011,"Winter",1340.85711526888
723,"Shop №2",2012,"Winter",912.843846292448
645,"Shop №2",2013,"Summer",829.736448360308
445,"Shop №2",2014,"Summer",651.753372082731
873,"Shop №1",2015,"Winter",1301.16768249032
383,"Shop №2",2011,"Summer",837.255483862872
814,"Shop №1",2012,"Winter",875.533690966136
1626,"Shop №2",2013,"Summer",1833.94432120217
735,"Shop №1",2014,"Summer",233.325340838856
737,"Shop №2",2015,"Winter",703.570938055052
706,"Shop №1",2011,"Winter",659.958349947756
577,"Shop №2",2012,"Winter",479.708317377655
1053,"Shop №2",2013,"Winter",1035.33703079172
838,"Shop №2",2014,"Winter",242.108808096663
821,"Shop №1",2015,"Summer",720.135291326862
567,"Shop №2",2011,"Summer",529.002658359688
515,"Shop №2",2012,"Winter",35.7082140680811
1239,"Shop №2",2013,"Summer",1048.30529084974
849,"Shop №1",2014,"Summer",1020.49809293562
843,"Shop №1",2015,"Winter",967.428153413904
-84,"Shop №1",2011,"Winter",-201.647205709809
1298,"Shop №1",2012,"Winter",1470.66013714051
811,"Shop №1",2013,"Summer",890.300306281271
940,"Shop №1",2014,"Summer",1330.35640951684
527,"Shop №1",2015,"Winter",1115.09646357476
907,"Shop №2",2011,"Summer",752.738029107592
1482,"Shop №2",2012,"Winter",1470.89974330757
928,"Shop №1",2013,"Winter",1203.08650234735
1392,"Shop №2",2014,"Winter",1430.20391477973
1654,"Shop №2",2015,"Winter",1464.15360048
1143,"Shop №2",2011,"Summer",1179.83238275139
473,"Shop №2",2012,"Summer",633.723594615547
992,"Shop №2",2013,"Summer",1334.84742791344
1040,"Shop №1",2014,"Winter",917.252668780256
1502,"Shop №1",2015,"Summer",1525.12939432622
596,"Shop №1",2011,"Summer",662.301180551852
921,"Shop №2",2012,"Summer",1282.21966025591
1030,"Shop №2",2013,"Summer",1326.08721470613
287,"Shop №1",2014,"Summer",148.07993356384
1331,"Shop №1",2015,"Winter",1473.29634057641
1199,"Shop №1",2011,"Winter",1464.74776385756
612,"Shop №2",2012,"Summer",1197.72313812287
831,"Shop №2",2013,"Summer",1285.75096833989
1049,"Shop №1",2014,"Winter",903.165752982288
924,"Shop №1",2015,"Winter",994.617323362567
656,"Shop №1",2011,"Summer",678.293452169364
894,"Shop №2",2012,"Winter",1244.95035649789
896,"Shop №1",2013,"Winter",748.111310991938
1120,"Shop №2",2014,"Summer",1090.98040170825
1261,"Shop №2",2015,"Winter",1831.45372254285
1122,"Shop №1",2011,"Summer",664.600910910091
1336,"Shop №2",2012,"Summer",1462.09123055932
705,"Shop №2",2013,"Summer",406.515812293898
1508,"Shop №1",2014,"Summer",1634.32169814113
1576,"Shop №2",2015,"Winter",2323.16541765229
655,"Shop №1",2011,"Winter",954.782757286122
461,"Shop №2",2012,"Winter",599.925780410241
830,"Shop №2",2013,"Summer",386.541126225227
697,"Shop №2",2014,"Summer",1006.58492730053
984,"Shop №2",2015,"Winter",1438.07236936012
1318,"Shop №2",2011,"Winter",1027.17489735589
1378,"Shop №1",2012,"Summer",1945.74789004213
1392,"Shop №2",2013,"Winter",1231.79926984418
981,"Shop №1",2014,"Summer",954.882334675942
791,"Shop №2",2015,"Winter",1503.56025137522
1093,"Shop №1",2011,"Summer",1385.04363683361
908,"Shop №1",2012,"Summer",821.022168389164
1610,"Shop №1",2013,"Winter",1643.94726688002
1254,"Shop №2",2014,"Summer",1120.64445813408
1465,"Shop №2",2015,"Summer",1083.57827627308
950,"Shop №1",2011,"Summer",1068.90443836788
1174,"Shop №1",2012,"Summer",1293.093477989
902,"Shop №1",2013,"Summer",1205.30269626304
1435,"Shop №2",2014,"Summer",1751.93336228729
742,"Shop №2",2015,"Winter",654.85785002307
1424,"Shop №1",2011,"Summer",1459.83933541552
1042,"Shop №1",2012,"Winter",1388.56885402118
1318,"Shop №2",2013,"Winter",1257.75560336571
548,"Shop №1",2014,"Summer",540.019116803999
789,"Shop №2",2015,"Winter",934.376215195964
1281,"Shop №1",2011,"Winter",793.638612061606
348,"Shop №2",2012,"Summer",731.720931702391
599,"Shop №2",2013,"Winter",161.01148565902
806,"Shop №1",2014,"Winter",599.256920011069
427,"Shop №1",2015,"Winter",5.71539928256288
1136,"Shop №2",2011,"Winter",1416.18222113944
969,"Shop №1",2012,"Summer",1059.13746912457
471,"Shop №1",2013,"Winter",607.833333323103
1088,"Shop №2",2014,"Summer",713.267254999172
1319,"Shop №2",2015,"Winter",1648.52377866793
493,"Shop №2",2011,"Winter",794.131711568353
728,"Shop №2",2012,"Winter",1388.45981541849
1146,"Shop №2",2013,"Winter",1390.94352994642
1143,"Shop №2",2014,"Winter",743.466988738485
1076,"Shop №1",2015,"Winter",1064.63642030988
807,"Shop №1",2011,"Winter",1185.41153167851
675,"Shop №2",2012,"Winter",1295.08531287721
825,"Shop №2",2013,"Summer",799.04202351548
801,"Shop №2",2014,"Summer",770.367036733136
1345,"Shop №1",2015,"Summer",1516.42095317552
1157,"Shop №1",2011,"Summer",1218.33668387101
558,"Shop №2",2012,"Winter",898.896636561709
1191,"Shop №2",2013,"Winter",1329.07734632608
887,"Shop №2",2014,"Summer",853.816718596963
301,"Shop №2",2015,"Winter",158.731407303844
1267,"Shop №1",2011,"Summer",1865.35700209703
869,"Shop №1",2012,"Winter",974.982535068451
984,"Shop №1",2013,"Summer",1382.33964730095
1106,"Shop №1",2014,"Winter",1487.04470409285
1050,"Shop №2",2015,"Summer",1447.64832567255
1398,"Shop №1",2011,"Winter",1584.26260594352
934,"Shop №1",2012,"Winter",1401.74627506567
1008,"Shop №2",2013,"Summer",1639.62173408416
936,"Shop №2",2014,"Summer",1579.63960692564
1116,"Shop №2",2015,"Winter",1313.35689581316
1277,"Shop №2",2011,"Winter",1529.29988879986
1173,"Shop №1",2012,"Winter",1591.81721251126
941,"Shop №1",2013,"Summer",1050.40115118506
1318,"Shop №1",2014,"Summer",1618.67659849601
1224,"Shop №2",2015,"Summer",1322.02960966643
1200,"Shop №2",2011,"Summer",1413.30343246505
1214,"Shop №1",2012,"Summer",1396.45467915989
770,"Shop №1",2013,"Winter",445.401634653443
1200,"Shop №1",2014,"Winter",1213.26846036184
549,"Shop №1",2015,"Summer",764.414366879841
1392,"Shop №1",2011,"Winter",1373.93621991958
712,"Shop №1",2012,"Summer",972.725969134859
1191,"Shop №1",2013,"Summer",1274.25637809277
1517,"Shop №1",2014,"Winter",1571.39779816918
1521,"Shop №2",2015,"Summer",1185.46899390249
1560,"Shop №1",2011,"Summer",1735.88792523412
1122,"Shop №1",2012,"Winter",1418.95533617889
1149,"Shop №2",2013,"Summer",1621.58599102004
1337,"Shop №1",2014,"Winter",1369.6651667218
1164,"Shop №2",2015,"Summer",878.303118885445
582,"Shop №1",2011,"Winter",395.227957266704
1357,"Shop №2",2012,"Summer",1766.09633775872
1356,"Shop №1",2013,"Summer",1129.78006794004
796,"Shop №2",2014,"Winter",1113.83023255349
890,"Shop №2",2015,"Winter",964.660756085721
1461,"Shop №2",2011,"Winter",1571.90278407905
1220,"Shop №2",2012,"Summer",1296.98389892068
902,"Shop №1",2013,"Winter",614.593725102502
1290,"Shop №1",2014,"Summer",1634.15628536423
1140,"Shop №2",2015,"Summer",1040.59287890188
536,"Shop №2",2011,"Summer",470.955012445392
735,"Shop №1",2012,"Winter",831.131444565724
832,"Shop №1",2013,"Winter",1250.5173834646
942,"Shop №1",2014,"Winter",632.132897543866
1304,"Shop №1",2015,"Winter",1913.87528546769
1065,"Shop №1",2011,"Winter",1302.30028260488
911,"Shop №1",2012,"Summer",1174.66891327319
1315,"Shop №1",2013,"Summer",1823.10130202218
472,"Shop №1",2014,"Winter",381.977709461742
979,"Shop №2",2015,"Winter",1075.30896666534
947,"Shop №1",2011,"Winter",882.448999984198
1098,"Shop №2",2012,"Winter",1312.41830863094
935,"Shop №1",2013,"Summer",883.597961034577
1183,"Shop №1",2014,"Winter",893.338331875459
1042,"Shop №2",2015,"Winter",1382.30378394176
1275,"Shop №1",2011,"Winter",1222.46065054983
1538,"Shop №1",2012,"Summer",1369.83389724925
726,"Shop №2",2013,"Winter",396.236270773542
988,"Shop №1",2014,"Winter",1545.86804114542
721,"Shop №2",2015,"Summer",852.444727380998
749,"Shop №2",2011,"Summer",1152.61484164619
1348,"Shop №1",2012,"Summer",1645.8002488516
1074,"Shop №1",2013,"Winter",1091.75826887024
1456,"Shop №2",2014,"Summer",1627.93069920515
682,"Shop №1",2015,"Winter",1042.30614235151
828,"Shop №1",2011,"Summer",1348.84795850239
855,"Shop №1",2012,"Winter",877.988947248431
1600,"Shop №2",2013,"Summer",1553.98725363242
1085,"Shop №2",2014,"Summer",1233.28007983485
733,"Shop №1",2015,"Summer",656.350200838988
1028,"Shop №2",2011,"Summer",723.119933329682
1103,"Shop №2",2012,"Winter",1440.99526971225
779,"Shop №1",2013,"Summer",906.478192540143
1089,"Shop №1",2014,"Summer",1410.32217379232
1551,"Shop №1",2015,"Summer",1621.3491351318
683,"Shop №1",2011,"Summer",353.633846430593
1221,"Shop №1",2012,"Winter",1144.31389141013
722,"Shop №2",2013,"Summer",570.838788143775
540,"Shop №2",2014,"Summer",672.07719047305
1439,"Shop №2",2015,"Summer",1086.10367880546
1221,"Shop №2",2011,"Summer",200.878299648201
1032,"Shop №1",2012,"Winter",1067.85333679011
874,"Shop №1",2013,"Winter",1106.08351462353
1009,"Shop №2",2014,"Summer",1527.51751246953
1359,"Shop №2",2015,"Summer",1377.91821060089
940,"Shop №2",2011,"Winter",1358.65416153701
1036,"Shop №1",2012,"Winter",1332.68026474853
550,"Shop №2",2013,"Summer",412.374103673352
1176,"Shop №2",2014,"Summer",1115.74013369002
1155,"Shop №2",2015,"Summer",1534.14241018273
797,"Shop №1",2011,"Summer",931.168103460758
1188,"Shop №2",2012,"Winter",759.361682114154
919,"Shop №2",2013,"Winter",956.44422606065
1644,"Shop №2",2014,"Winter",1590.90985774216
1681,"Shop №2",2015,"Winter",1839.19301080531
905,"Shop №1",2011,"Summer",651.471057935008
682,"Shop №1",2012,"Winter",237.127202539803
562,"Shop №2",2013,"Summer",529.074761772508
989,"Shop №2",2014,"Winter",1028.34669039253
491,"Shop №2",2015,"Winter",533.379757332278
751,"Shop №2",2011,"Summer",1108.01617524473
1090,"Shop №2",2012,"Summer",914.579094946156
1567,"Shop №2",2013,"Summer",1482.29722929803
1134,"Shop №1",2014,"Summer",1240.18826237145
1299,"Shop №1",2015,"Summer",1778.18740736088
789,"Shop №2",2011,"Winter",1223.14577941759
1165,"Shop №2",2012,"Winter",1041.05064013723
1038,"Shop №2",2013,"Winter",1251.0569057358
1454,"Shop №1",2014,"Summer",1781.94012590279
924,"Shop №2",2015,"Winter",845.733808735656
1245,"Shop №1",2011,"Winter",1288.74419751947
1202,"Shop №2",2012,"Winter",1037.37607023945
1063,"Shop №2",2013,"Winter",1156.63261839268
1039,"Shop №2",2014,"Summer",1240.73390225027
562,"Shop №2",2015,"Winter",846.002293464969
615,"Shop №1",2011,"Summer",260.700561425824
784,"Shop №2",2012,"Summer",740.837302613825
1001,"Shop №2",2013,"Summer",1415.0143085114
1087,"Shop №2",2014,"Summer",882.403567642062
714,"Shop №2",2015,"Summer",758.402234890982
482,"Shop №1",2011,"Summer",190.75342492982
744,"Shop №2",2012,"Summer",1110.31358310067
846,"Shop №1",2013,"Winter",1118.1970216199
893,"Shop №1",2014,"Winter",1253.51939676492
783,"Shop №1",2015,"Winter",642.824327804353
698,"Shop №1",2011,"Summer",1045.7444417318
1054,"Shop №1",2012,"Winter",907.042124082233
802,"Shop №1",2013,"Summer",929.220980491564
736,"Shop №1",2014,"Winter",446.894090618791
916,"Shop №2",2015,"Summer",1176.72648569333
1491,"Shop №2",2011,"Winter",1901.69908101127
1237,"Shop №1",2012,"Summer",1376.47774235049
814,"Shop №2",2013,"Winter",591.922588983257
1163,"Shop №1",2014,"Summer",964.316949771989
1241,"Shop №2",2015,"Summer",1264.65393381647
1212,"Shop №2",2011,"Winter",705.700953369306
1002,"Shop №2",2012,"Summer",1028.19605557592
1717,"Shop №1",2013,"Winter",1742.44008301553
958,"Shop №1",2014,"Summer",959.696017571628
879,"Shop №2",2015,"Winter",1078.48790328516
947,"Shop №1",2011,"Winter",1786.31504686522
1534,"Shop №2",2012,"Winter",1958.40945906657
1044,"Shop №1",2013,"Winter",1220.88390003358
815,"Shop №1",2014,"Winter",819.752236770928
1418,"Shop №1",2015,"Winter",1566.43834472378
1140,"Shop №2",2011,"Winter",453.543330329599
997,"Shop №1",2012,"Winter",973.299124280284
589,"Shop №1",2013,"Winter",996.740003723804
1005,"Shop №2",2014,"Summer",1143.9525884512
974,"Shop №1",2015,"Summer",684.262076465288
575,"Shop №2",2011,"Winter",579.239961929958
1182,"Shop №2",2012,"Summer",942.786923909509
1307,"Shop №2",2013,"Summer",940.061244979594
1034,"Shop №2",2014,"Summer",1347.60251592374
1479,"Shop №2",2015,"Winter",1571.59019024688
1333,"Shop №1",2011,"Winter",1391.19881382873
1289,"Shop №1",2012,"Summer",1485.8372999648
635,"Shop №1",2013,"Winter",438.724582831213
520,"Shop №2",2014,"Winter",614.938104227842
1354,"Shop №2",2015,"Summer",789.150936252714
494,"Shop №1",2011,"Summer",352.111615045629
957,"Shop №1",2012,"Summer",1100.35472082567
939,"Shop №2",2013,"Summer",1464.76292287507
600,"Shop №1",2014,"Summer",394.241883024854
726,"Shop №1",2015,"Summer",988.025910191061
1318,"Shop №2",2011,"Winter",1607.78476854723
1253,"Shop №2",2012,"Winter",884.594226212649
884,"Shop №2",2013,"Winter",1101.78266384706
1063,"Shop №2",2014,"Summer",1231.60761009303
894,"Shop №2",2015,"Summer",1363.6108261194
1150,"Shop №2",2011,"Winter",1258.15173485706
1095,"Shop №1",2012,"Summer",1216.38801573386
408,"Shop №2",2013,"Summer",729.276785873577
1205,"Shop №2",2014,"Winter",1440.55332936396
1000,"Shop №2",2015,"Summer",1393.03766703749
981,"Shop №2",2011,"Winter",1288.49893446369
908,"Shop №2",2012,"Summer",1012.23084237643
1275,"Shop №2",2013,"Summer",1488.5034432667
1552,"Shop №1",2014,"Winter",1893.3875022406
1261,"Shop №2",2015,"Summer",1407.61782115331
1544,"Shop №2",2011,"Winter",1591.08206375076
761,"Shop №2",2012,"Winter",-113.874265623342
908,"Shop №2",2013,"Winter",754.321136808336
1319,"Shop №1",2014,"Summer",1488.39908533873
1237,"Shop №1",2015,"Summer",1191.86252817462
795,"Shop №2",2011,"Summer",983.597086917338
711,"Shop №2",2012,"Winter",702.74881617401
823,"Shop №1",2013,"Summer",1498.73660230437
851,"Shop №2",2014,"Summer",653.775938725912
1132,"Shop №1",2015,"Summer",896.86048937736
835,"Shop №1",2011,"Summer",921.735916869053
674,"Shop №2",2012,"Summer",499.312022979044
985,"Shop №1",2013,"Summer",1148.00121198763
1747,"Shop №2",2014,"Summer",1953.38620023006
1077,"Shop №2",2015,"Winter",1620.4218108317
697,"Shop №2",2011,"Winter",831.314436225128
1157,"Shop №1",2012,"Winter",1159.7302850904
749,"Shop №1",2013,"Winter",824.377205514597
675,"Shop №2",2014,"Summer",476.041073812603
311,"Shop №2",2015,"Winter",-37.4728472595822
752,"Shop №1",2011,"Summer",862.113007241918
-20,"Shop №1",2012,"Winter",-223.319764217198
1330,"Shop №1",2013,"Winter",1321.34294184005
1138,"Shop №2",2014,"Winter",1533.26565492441
534,"Shop №2",2015,"Summer",808.208246888699
1553,"Shop №2",2011,"Summer",1742.86717080838
400,"Shop №2",2012,"Summer",258.369372571817
883,"Shop №2",2013,"Summer",454.828777748688
1045,"Shop №2",2014,"Summer",1435.29627553321
742,"Shop №2",2015,"Winter",731.836971292426
1343,"Shop №2",2011,"Winter",1136.16942763227
684,"Shop №1",2012,"Winter",690.969798695578
1298,"Shop №2",2013,"Winter",1508.01586665246
1541,"Shop №2",2014,"Winter",1314.24087937855
2037,"Shop №1",2015,"Summer",2408.05605376937
949,"Shop №1",2011,"Summer",1921.1660686761
981,"Shop №2",2012,"Summer",677.842069398729
883,"Shop №1",2013,"Summer",1099.79818869646
701,"Shop №1",2014,"Summer",698.157719531023
918,"Shop №2",2015,"Winter",1419.070497464
1092,"Shop №1",2011,"Summer",1345.37500900649
1048,"Shop №2",2012,"Winter",733.300206004709
1415,"Shop №2",2013,"Summer",1266.13820020656
575,"Shop №1",2014,"Winter",913.908155696662
1142,"Shop №1",2015,"Summer",1505.72427513962
826,"Shop №2",2011,"Winter",1204.73080752138
941,"Shop №1",2012,"Summer",1042.36569727914
1183,"Shop №1",2013,"Summer",1005.85372825005
943,"Shop №2",2014,"Winter",297.229283637207
1386,"Shop №2",2015,"Winter",1103.75341071161
1020,"Shop №2",2011,"Summer",1299.71912774046
1109,"Shop №2",2012,"Winter",555.364862277855
1100,"Shop №2",2013,"Winter",1130.60960116729
899,"Shop №1",2014,"Summer",1246.23655884332
1485,"Shop №1",2015,"Winter",1459.7924105227
815,"Shop №1",2011,"Winter",1007.41656982627
1044,"Shop №2",2012,"Summer",977.105539887245
1382,"Shop №1",2013,"Summer",1298.9738159401
514,"Shop №1",2014,"Summer",411.804863527775
490,"Shop №1",2015,"Winter",210.111103871449
1038,"Shop №1",2011,"Winter",1449.52190103082
1197,"Shop №1",2012,"Summer",1909.220676714
893,"Shop №2",2013,"Winter",1334.30207056635
1131,"Shop №1",2014,"Winter",1102.66481769545
883,"Shop №1",2015,"Winter",759.169583410245
944,"Shop №2",2011,"Summer",1063.57148514065
784,"Shop №2",2012,"Summer",1065.61630617031
1205,"Shop №1",2013,"Summer",1351.39573230546
984,"Shop №2",2014,"Summer",1105.21540152275
994,"Shop №2",2015,"Summer",726.403139474724
857,"Shop №1",2011,"Winter",1089.25508957815
547,"Shop №1",2012,"Winter",666.482764237857
617,"Shop №1",2013,"Winter",1109.79106929013
1265,"Shop №2",2014,"Summer",1696.41278632099
1015,"Shop №1",2015,"Winter",784.449349929143
1249,"Shop №2",2011,"Winter",1486.02458433294
855,"Shop №2",2012,"Summer",908.95618606167
696,"Shop №2",2013,"Winter",693.670444966496
982,"Shop №1",2014,"Winter",760.409193188877
752,"Shop №2",2015,"Winter",434.106310786029
1216,"Shop №2",2011,"Winter",1673.1728039878
1084,"Shop №2",2012,"Summer",679.478079706524
1026,"Shop №2",2013,"Winter",847.268003629555
1195,"Shop №1",2014,"Winter",864.594772877086
973,"Shop №2",2015,"Winter",1255.87146502395
384,"Shop №1",2011,"Winter",865.569869592134
1056,"Shop №2",2012,"Summer",1223.71669310785
631,"Shop №2",2013,"Summer",925.23771736675
785,"Shop №2",2014,"Summer",1259.14386204832
733,"Shop №2",2015,"Summer",720.115440205871
875,"Shop №1",2011,"Winter",511.357220052027
824,"Shop №2",2012,"Summer",1194.51725474749
1099,"Shop №2",2013,"Summer",1463.50571233905
833,"Shop №2",2014,"Summer",492.773598977323
655,"Shop №2",2015,"Winter",927.176769569772
899,"Shop №2",2011,"Summer",942.491648799649
744,"Shop №1",2012,"Summer",1164.10276404833
857,"Shop №2",2013,"Summer",891.280994558558
193,"Shop №1",2014,"Summer",351.157647755731
855,"Shop №1",2015,"Summer",1105.17724376892
1622,"Shop №1",2011,"Summer",1445.93010935377
658,"Shop №2",2012,"Summer",947.183213761931
1320,"Shop №1",2013,"Summer",1579.58274851892
1197,"Shop №2",2014,"Winter",1171.93305784221
1214,"Shop №2",2015,"Winter",1863.15966231818
1043,"Shop №2",2011,"Winter",1304.17083609478
1021,"Shop №1",2012,"Summer",1023.6411056534
844,"Shop №2",2013,"Winter",765.834051844448
867,"Shop №1",2014,"Winter",918.508081115266
1259,"Shop №2",2015,"Summer",1007.10790295853
1207,"Shop №1",2011,"Summer",1480.28861658046
1025,"Shop №2",2012,"Winter",1541.6041096912
1320,"Shop №2",2013,"Winter",1586.92797406417
1176,"Shop №1",2014,"Winter",1162.14449395773
461,"Shop №1",2015,"Summer",889.446212570352
1010,"Shop №1",2011,"Summer",1017.67613695225
1075,"Shop №2",2012,"Summer",1350.11646445983
1456,"Shop №1",2013,"Winter",1485.4882972682
1125,"Shop №2",2014,"Summer",783.762539292203
933,"Shop №2",2015,"Winter",1332.00084551743
1134,"Shop №2",2011,"Winter",1838.3938510731
975,"Shop №2",2012,"Summer",1390.0928280369
1187,"Shop №1",2013,"Summer",1496.71694806325
591,"Shop №1",2014,"Summer",495.188632883737
1173,"Shop №2",2015,"Winter",1569.67625886747
871,"Shop №1",2011,"Winter",683.630327878829
750,"Shop №1",2012,"Winter",1182.48594931546
1063,"Shop №1",2013,"Summer",977.233088585897
1542,"Shop №2",2014,"Winter",1660.96092335654
1442,"Shop №2",2015,"Winter",1302.1267789403
1175,"Shop №2",2011,"Summer",1215.41483310716
1021,"Shop №1",2012,"Summer",1100.07102724283
1186,"Shop №1",2013,"Summer",1625.45249012086
961,"Shop №2",2014,"Winter",1449.29323834121
1340,"Shop №2",2015,"Winter",1223.16750156152
923,"Shop №1",2011,"Winter",1039.76100234423
1251,"Shop №1",2012,"Winter",1617.74778678853
481,"Shop №1",2013,"Summer",1023.73832900213
1059,"Shop №2",2014,"Winter",238.606907506093
1307,"Shop №1",2015,"Winter",1562.48194337372
625,"Shop №2",2011,"Winter",596.140938408514
1274,"Shop №1",2012,"Summer",995.665610259421
1215,"Shop №1",2013,"Winter",1407.55335109113
1484,"Shop №1",2014,"Summer",1442.80887006001
811,"Shop №2",2015,"Summer",490.970997358769
1108,"Shop №2",2011,"Winter",309.018541461846
1252,"Shop №1",2012,"Summer",1321.90398494357
641,"Shop №1",2013,"Winter",988.821211460182
1168,"Shop №1",2014,"Winter",1775.02255056133
1428,"Shop №2",2015,"Summer",1115.08213851691
1549,"Shop №2",2011,"Summer",1766.78659029221
898,"Shop №2",2012,"Summer",1203.62761086401
1165,"Shop №1",2013,"Summer",1183.67020522698
832,"Shop №1",2014,"Summer",1095.06679466946
914,"Shop №1",2015,"Summer",1255.25830883959
870,"Shop №2",2011,"Summer",977.780519442909
1328,"Shop №1",2012,"Winter",1820.30661016069
978,"Shop №1",2013,"Summer",1074.85540264428
1022,"Shop №2",2014,"Winter",1588.65275543798
939,"Shop №1",2015,"Winter",894.743329606404
833,"Shop №2",2011,"Summer",541.958324724785
602,"Shop №1",2012,"Winter",901.813992288497
1384,"Shop №2",2013,"Summer",1371.43152365098
1169,"Shop №1",2014,"Summer",1544.010471879
1192,"Shop №1",2015,"Summer",1432.97181352277
648,"Shop №2",2011,"Summer",796.374696766595
1031,"Shop №1",2012,"Summer",1675.12122662928
627,"Shop №1",2013,"Summer",242.584488357623
1762,"Shop №2",2014,"Summer",1418.48966473476
924,"Shop №1",2015,"Winter",483.999188507974
1197,"Shop №2",2011,"Winter",1130.33307885091
1170,"Shop №2",2012,"Winter",1098.99757937502
1163,"Shop №1",2013,"Winter",943.723144590071
1382,"Shop №2",2014,"Summer",1033.65346250148
350,"Shop №1",2015,"Summer",-84.564301153071
929,"Shop №1",2011,"Winter",414.245655088625
741,"Shop №1",2012,"Winter",1094.29853113724
1388,"Shop №1",2013,"Summer",1549.32289018775
1069,"Shop №1",2014,"Winter",1163.02592627849
1142,"Shop №2",2015,"Summer",1451.8780763068
834,"Shop №2",2011,"Winter",1075.63409934518
626,"Shop №2",2012,"Winter",528.218815646827
1042,"Shop №2",2013,"Summer",988.567559267897
1091,"Shop №1",2014,"Summer",1200.42618541786
909,"Shop №2",2015,"Winter",628.516053692895
1252,"Shop №1",2011,"Winter",2006.92352981179
544,"Shop №1",2012,"Summer",483.3837633046
325,"Shop №2",2013,"Winter",246.898559050661
630,"Shop №2",2014,"Winter",819.05244130304
1381,"Shop №2",2015,"Summer",1663.87248177855
1661,"Shop №1",2011,"Winter",1682.12121929653
771,"Shop №1",2012,"Summer",786.252347233765
732,"Shop №1",2013,"Winter",713.221516233114
694,"Shop №1",2014,"Summer",807.351888912063
1681,"Shop №1",2015,"Summer",2020.91111636617
767,"Shop №2",2011,"Winter",642.007961589584
706,"Shop №2",2012,"Winter",1049.42007896426
595,"Shop №2",2013,"Summer",624.918151196021
1283,"Shop №2",2014,"Summer",1087.27331156017
1347,"Shop №2",2015,"Winter",1204.15468156989
996,"Shop №2",2011,"Summer",1097.33224925136
1502,"Shop №2",2012,"Winter",1278.708905171
1262,"Shop №2",2013,"Winter",1579.6291021729
983,"Shop №1",2014,"Winter",1288.60966709297
945,"Shop №2",2015,"Winter",1184.67677241315
709,"Shop №1",2011,"Winter",982.161512388771
1099,"Shop №1",2012,"Summer",1158.21605224762
831,"Shop №2",2013,"Winter",989.57911193906
602,"Shop №2",2014,"Summer",622.153361695326
597,"Shop №1",2015,"Summer",979.691817801031
1321,"Shop №1",2011,"Winter",1524.44602256291
887,"Shop №1",2012,"Winter",825.22099704625
1152,"Shop №1",2013,"Summer",1252.67586994402
1061,"Shop №2",2014,"Winter",1077.78982396307
932,"Shop №1",2015,"Winter",807.52575072772
1320,"Shop №2",2011,"Winter",1968.00894197065
1284,"Shop №1",2012,"Summer",1297.62301931298
1025,"Shop №2",2013,"Summer",879.528057330536
1016,"Shop №1",2014,"Winter",989.305674379854
1560,"Shop №1",2015,"Summer",1386.90242980066
1002,"Shop №1",2011,"Winter",1236.46181504413
1250,"Shop №1",2012,"Winter",1869.31632341947
632,"Shop №2",2013,"Summer",1283.48056204762
874,"Shop №2",2014,"Summer",1118.32660284744
1206,"Shop №2",2015,"Winter",1576.33339317341
685,"Shop №1",2011,"Winter",417.813246162517
1133,"Shop №1",2012,"Summer",1119.7538403273
1060,"Shop №1",2013,"Winter",1446.45646878465
1507,"Shop №1",2014,"Summer",1496.11979965396
1318,"Shop №1",2015,"Summer",1731.76414650493
892,"Shop №2",2011,"Summer",1501.68690348209
1013,"Shop №2",2012,"Winter",1425.80429515588
1138,"Shop №2",2013,"Winter",990.60937701812
1471,"Shop №1",2014,"Summer",1828.04067157801
960,"Shop №1",2015,"Winter",1053.94760896957
857,"Shop №1",2011,"Winter",1230.09371429163
619,"Shop №2",2012,"Summer",423.686557751829
1047,"Shop №2",2013,"Summer",1471.53056542292
1137,"Shop №2",2014,"Summer",671.208423549091
1357,"Shop №1",2015,"Summer",1397.52808827092
334,"Shop №2",2011,"Summer",622.57089288543
1006,"Shop №1",2012,"Winter",1216.76206575111
643,"Shop №2",2013,"Summer",847.468731344614
720,"Shop №2",2014,"Summer",661.656554263796
1133,"Shop №1",2015,"Summer",1288.2739409119
